DATAFLOW,LAST UPDATE,freq,indic_de,unit,geo,TIME_PERIOD,OBS_VALUE,OBS_FLAG,CONF_STATUS
ESTAT:DEMO_FABORTIND(1.0),21/03/25 11:00:00,Annual,Abortion rate,Rate,Albania,2014,6.1,,
ESTAT:DEMO_FABORTIND(1.0),21/03/25 11:00:00,Annual,Abortion rate,Rate,Albania,2015,6.2,,
ESTAT:DEMO_FABORTIND(1.0),21/03/25 11:00:00,Annual,Abortion rate,Rate,Albania,2017,1.1,,
ESTAT:DEMO_FABORTIND(1.0),21/03/25 11:00:00,Annual,Abortion rate,Rate,Albania,2018,1.3,,
ESTAT:DEMO_FABORTIND(1.0),21/03/25 11:00:00,Annual,Abortion rate,Rate,Albania,2019,1.0,,
ESTAT:DEMO_FABORTIND(1.0),21/03/25 11:00:00,Annual,Abortion rate,Rate,Albania,2020,1.2,,
ESTAT:DEMO_FABORTIND(1.0),21/03/25 11:00:00,Annual,Abortion rate,Rate,Albania,2022,0.9,,
ESTAT:DEMO_FABORTIND(1.0),21/03/25 11:00:00,Annual,Abortion rate,Rate,Armenia,2015,11.3,,
ESTAT:DEMO_FABORTIND(1.0),21/03/25 11:00:00,Annual,Abortion rate,Rate,Armenia,2016,10.8,,
ESTAT:DEMO_FABORTIND(1.0),21/03/25 11:00:00,Annual,Abortion rate,Rate,Armenia,2017,10.5,,
ESTAT:DEMO_FABORTIND(1.0),21/03/25 11:00:00,Annual,Abortion rate,Rate,Armenia,2018,11.1,,
ESTAT:DEMO_FABORTIND(1.0),21/03/25 11:00:00,Annual,Abortion rate,Rate,Armenia,2019,11.7,,
ESTAT:DEMO_FABORTIND(1.0),21/03/25 11:00:00,Annual,Abortion rate,Rate,Armenia,2020,12.8,,
ESTAT:DEMO_FABORTIND(1.0),21/03/25 11:00:00,Annual,Abortion rate,Rate,Armenia,2023,11.0,,
ESTAT:DEMO_FABORTIND(1.0),21/03/25 11:00:00,Annual,Abortion rate,Rate,Azerbaijan,2013,8.4,,
ESTAT:DEMO_FABORTIND(1.0),21/03/25 11:00:00,Annual,Abortion rate,Rate,Azerbaijan,2014,8.2,,
ESTAT:DEMO_FABORTIND(1.0),21/03/25 11:00:00,Annual,Abortion rate,Rate,Azerbaijan,2015,8.3,,
ESTAT:DEMO_FABORTIND(1.0),21/03/25 11:00:00,Annual,Abortion rate,Rate,Azerbaijan,2016,10.5,,
ESTAT:DEMO_FABORTIND(1.0),21/03/25 11:00:00,Annual,Abortion rate,Rate,Azerbaijan,2017,10.5,,
ESTAT:DEMO_FABORTIND(1.0),21/03/25 11:00:00,Annual,Abortion rate,Rate,Azerbaijan,2018,11.0,,
ESTAT:DEMO_FABORTIND(1.0),21/03/25 11:00:00,Annual,Abortion rate,Rate,Azerbaijan,2019,11.4,,
ESTAT:DEMO_FABORTIND(1.0),21/03/25 11:00:00,Annual,Abortion rate,Rate,Azerbaijan,2020,11.8,,
ESTAT:DEMO_FABORTIND(1.0),21/03/25 11:00:00,Annual,Abortion rate,Rate,Azerbaijan,2021,15.9,,
ESTAT:DEMO_FABORTIND(1.0),21/03/25 11:00:00,Annual,Abortion rate,Rate,Bulgaria,2013,14.6,,
ESTAT:DEMO_FABORTIND(1.0),21/03/25 11:00:00,Annual,Abortion rate,Rate,Bulgaria,2014,14.1,,
ESTAT:DEMO_FABORTIND(1.0),21/03/25 11:00:00,Annual,Abortion rate,Rate,Bulgaria,2015,14.1,,
ESTAT:DEMO_FABORTIND(1.0),21/03/25 11:00:00,Annual,Abortion rate,Rate,Bulgaria,2016,13.6,,
ESTAT:DEMO_FABORTIND(1.0),21/03/25 11:00:00,Annual,Abortion rate,Rate,Bulgaria,2017,12.7,,
ESTAT:DEMO_FABORTIND(1.0),21/03/25 11:00:00,Annual,Abortion rate,Rate,Bulgaria,2018,12.4,,
ESTAT:DEMO_FABORTIND(1.0),21/03/25 11:00:00,Annual,Abortion rate,Rate,Bulgaria,2019,11.6,,
ESTAT:DEMO_FABORTIND(1.0),21/03/25 11:00:00,Annual,Abortion rate,Rate,Bulgaria,2020,11.9,,
ESTAT:DEMO_FABORTIND(1.0),21/03/25 11:00:00,Annual,Abortion rate,Rate,Belarus,2013,10.5,,
ESTAT:DEMO_FABORTIND(1.0),21/03/25 11:00:00,Annual,Abortion rate,Rate,Belarus,2014,10.2,,
ESTAT:DEMO_FABORTIND(1.0),21/03/25 11:00:00,Annual,Abortion rate,Rate,Belarus,2015,10.1,,
ESTAT:DEMO_FABORTIND(1.0),21/03/25 11:00:00,Annual,Abortion rate,Rate,Belarus,2016,9.6,,
ESTAT:DEMO_FABORTIND(1.0),21/03/25 11:00:00,Annual,Abortion rate,Rate,Belarus,2017,9.0,,
ESTAT:DEMO_FABORTIND(1.0),21/03/25 11:00:00,Annual,Abortion rate,Rate,Belarus,2018,8.4,,
ESTAT:DEMO_FABORTIND(1.0),21/03/25 11:00:00,Annual,Abortion rate,Rate,Switzerland,2013,4.2,,
ESTAT:DEMO_FABORTIND(1.0),21/03/25 11:00:00,Annual,Abortion rate,Rate,Switzerland,2014,4.1,,
ESTAT:DEMO_FABORTIND(1.0),21/03/25 11:00:00,Annual,Abortion rate,Rate,Switzerland,2015,4.1,,
ESTAT:DEMO_FABORTIND(1.0),21/03/25 11:00:00,Annual,Abortion rate,Rate,Switzerland,2016,4.1,,
ESTAT:DEMO_FABORTIND(1.0),21/03/25 11:00:00,Annual,Abortion rate,Rate,Switzerland,2017,4.0,,
ESTAT:DEMO_FABORTIND(1.0),21/03/25 11:00:00,Annual,Abortion rate,Rate,Switzerland,2018,4.2,,
ESTAT:DEMO_FABORTIND(1.0),21/03/25 11:00:00,Annual,Abortion rate,Rate,Switzerland,2019,3.7,,
ESTAT:DEMO_FABORTIND(1.0),21/03/25 11:00:00,Annual,Abortion rate,Rate,Switzerland,2020,5.1,,
ESTAT:DEMO_FABORTIND(1.0),21/03/25 11:00:00,Annual,Abortion rate,Rate,Czechia,2013,7.6,,
ESTAT:DEMO_FABORTIND(1.0),21/03/25 11:00:00,Annual,Abortion rate,Rate,Czechia,2014,7.3,,
ESTAT:DEMO_FABORTIND(1.0),21/03/25 11:00:00,Annual,Abortion rate,Rate,Czechia,2015,6.8,,
ESTAT:DEMO_FABORTIND(1.0),21/03/25 11:00:00,Annual,Abortion rate,Rate,Czechia,2016,6.9,,
ESTAT:DEMO_FABORTIND(1.0),21/03/25 11:00:00,Annual,Abortion rate,Rate,Czechia,2017,6.5,,
ESTAT:DEMO_FABORTIND(1.0),21/03/25 11:00:00,Annual,Abortion rate,Rate,Czechia,2018,6.2,,
ESTAT:DEMO_FABORTIND(1.0),21/03/25 11:00:00,Annual,Abortion rate,Rate,Czechia,2019,6.0,,
ESTAT:DEMO_FABORTIND(1.0),21/03/25 11:00:00,Annual,Abortion rate,Rate,Czechia,2020,6.4,,
ESTAT:DEMO_FABORTIND(1.0),21/03/25 11:00:00,Annual,Abortion rate,Rate,Czechia,2021,6.1,,
ESTAT:DEMO_FABORTIND(1.0),21/03/25 11:00:00,Annual,Abortion rate,Rate,Czechia,2022,6.3,,
ESTAT:DEMO_FABORTIND(1.0),21/03/25 11:00:00,Annual,Abortion rate,Rate,Czechia,2023,5.7,,
ESTAT:DEMO_FABORTIND(1.0),21/03/25 11:00:00,Annual,Abortion rate,Rate,Germany,2014,4.4,,
ESTAT:DEMO_FABORTIND(1.0),21/03/25 11:00:00,Annual,Abortion rate,Rate,Germany,2015,4.4,,
ESTAT:DEMO_FABORTIND(1.0),21/03/25 11:00:00,Annual,Abortion rate,Rate,Germany,2016,4.4,,
ESTAT:DEMO_FABORTIND(1.0),21/03/25 11:00:00,Annual,Abortion rate,Rate,Germany,2017,4.5,,
ESTAT:DEMO_FABORTIND(1.0),21/03/25 11:00:00,Annual,Abortion rate,Rate,Germany,2018,4.5,,
ESTAT:DEMO_FABORTIND(1.0),21/03/25 11:00:00,Annual,Abortion rate,Rate,Germany,2019,4.6,,
ESTAT:DEMO_FABORTIND(1.0),21/03/25 11:00:00,Annual,Abortion rate,Rate,Germany,2020,5.4,,
ESTAT:DEMO_FABORTIND(1.0),21/03/25 11:00:00,Annual,Abortion rate,Rate,Germany,2022,5.6,,
ESTAT:DEMO_FABORTIND(1.0),21/03/25 11:00:00,Annual,Abortion rate,Rate,Germany,2023,5.7,,
ESTAT:DEMO_FABORTIND(1.0),21/03/25 11:00:00,Annual,Abortion rate,Rate,Germany including former GDR,2013,4.5,,
ESTAT:DEMO_FABORTIND(1.0),21/03/25 11:00:00,Annual,Abortion rate,Rate,Germany including former GDR,2014,4.4,,
ESTAT:DEMO_FABORTIND(1.0),21/03/25 11:00:00,Annual,Abortion rate,Rate,Germany including former GDR,2015,4.4,,
ESTAT:DEMO_FABORTIND(1.0),21/03/25 11:00:00,Annual,Abortion rate,Rate,Germany including former GDR,2016,4.4,,
ESTAT:DEMO_FABORTIND(1.0),21/03/25 11:00:00,Annual,Abortion rate,Rate,Germany including former GDR,2017,4.5,,
ESTAT:DEMO_FABORTIND(1.0),21/03/25 11:00:00,Annual,Abortion rate,Rate,Germany including former GDR,2018,4.5,,
ESTAT:DEMO_FABORTIND(1.0),21/03/25 11:00:00,Annual,Abortion rate,Rate,Germany including former GDR,2019,4.6,,
ESTAT:DEMO_FABORTIND(1.0),21/03/25 11:00:00,Annual,Abortion rate,Rate,Germany including former GDR,2020,5.4,,
ESTAT:DEMO_FABORTIND(1.0),21/03/25 11:00:00,Annual,Abortion rate,Rate,Germany including former GDR,2022,5.6,,
ESTAT:DEMO_FABORTIND(1.0),21/03/25 11:00:00,Annual,Abortion rate,Rate,Germany including former GDR,2023,5.7,,
ESTAT:DEMO_FABORTIND(1.0),21/03/25 11:00:00,Annual,Abortion rate,Rate,Denmark,2013,9.3,,
ESTAT:DEMO_FABORTIND(1.0),21/03/25 11:00:00,Annual,Abortion rate,Rate,Denmark,2014,9.3,,
ESTAT:DEMO_FABORTIND(1.0),21/03/25 11:00:00,Annual,Abortion rate,Rate,Estonia,2013,15.4,,
ESTAT:DEMO_FABORTIND(1.0),21/03/25 11:00:00,Annual,Abortion rate,Rate,Estonia,2014,13.9,,
ESTAT:DEMO_FABORTIND(1.0),21/03/25 11:00:00,Annual,Abortion rate,Rate,Estonia,2015,13.3,,
ESTAT:DEMO_FABORTIND(1.0),21/03/25 11:00:00,Annual,Abortion rate,Rate,Estonia,2016,12.2,,
ESTAT:DEMO_FABORTIND(1.0),21/03/25 11:00:00,Annual,Abortion rate,Rate,Estonia,2017,11.0,,
ESTAT:DEMO_FABORTIND(1.0),21/03/25 11:00:00,Annual,Abortion rate,Rate,Estonia,2018,10.5,,
ESTAT:DEMO_FABORTIND(1.0),21/03/25 11:00:00,Annual,Abortion rate,Rate,Estonia,2019,10.3,,
ESTAT:DEMO_FABORTIND(1.0),21/03/25 11:00:00,Annual,Abortion rate,Rate,Estonia,2020,10.8,,
ESTAT:DEMO_FABORTIND(1.0),21/03/25 11:00:00,Annual,Abortion rate,Rate,Estonia,2021,10.4,,
ESTAT:DEMO_FABORTIND(1.0),21/03/25 11:00:00,Annual,Abortion rate,Rate,Estonia,2022,10.4,,
ESTAT:DEMO_FABORTIND(1.0),21/03/25 11:00:00,Annual,Abortion rate,Rate,Estonia,2023,10.1,,
ESTAT:DEMO_FABORTIND(1.0),21/03/25 11:00:00,Annual,Abortion rate,Rate,Spain,2013,7.9,,
ESTAT:DEMO_FABORTIND(1.0),21/03/25 11:00:00,Annual,Abortion rate,Rate,Spain,2014,6.9,,
ESTAT:DEMO_FABORTIND(1.0),21/03/25 11:00:00,Annual,Abortion rate,Rate,Spain,2015,6.9,,
ESTAT:DEMO_FABORTIND(1.0),21/03/25 11:00:00,Annual,Abortion rate,Rate,Spain,2017,7.0,,
ESTAT:DEMO_FABORTIND(1.0),21/03/25 11:00:00,Annual,Abortion rate,Rate,Spain,2018,7.1,,
ESTAT:DEMO_FABORTIND(1.0),21/03/25 11:00:00,Annual,Abortion rate,Rate,Spain,2019,7.3,,
ESTAT:DEMO_FABORTIND(1.0),21/03/25 11:00:00,Annual,Abortion rate,Rate,Spain,2020,7.5,,
ESTAT:DEMO_FABORTIND(1.0),21/03/25 11:00:00,Annual,Abortion rate,Rate,Spain,2021,7.7,,
ESTAT:DEMO_FABORTIND(1.0),21/03/25 11:00:00,Annual,Abortion rate,Rate,Spain,2022,8.4,,
ESTAT:DEMO_FABORTIND(1.0),21/03/25 11:00:00,Annual,Abortion rate,Rate,Spain,2023,8.6,,
ESTAT:DEMO_FABORTIND(1.0),21/03/25 11:00:00,Annual,Abortion rate,Rate,Finland,2013,6.8,,
ESTAT:DEMO_FABORTIND(1.0),21/03/25 11:00:00,Annual,Abortion rate,Rate,Finland,2014,6.6,,
ESTAT:DEMO_FABORTIND(1.0),21/03/25 11:00:00,Annual,Abortion rate,Rate,Finland,2015,6.4,,
ESTAT:DEMO_FABORTIND(1.0),21/03/25 11:00:00,Annual,Abortion rate,Rate,Finland,2016,6.4,,
ESTAT:DEMO_FABORTIND(1.0),21/03/25 11:00:00,Annual,Abortion rate,Rate,Finland,2017,6.3,,
ESTAT:DEMO_FABORTIND(1.0),21/03/25 11:00:00,Annual,Abortion rate,Rate,Finland,2018,5.9,,
ESTAT:DEMO_FABORTIND(1.0),21/03/25 11:00:00,Annual,Abortion rate,Rate,Finland,2019,5.9,,
ESTAT:DEMO_FABORTIND(1.0),21/03/25 11:00:00,Annual,Abortion rate,Rate,Finland,2020,6.5,,
ESTAT:DEMO_FABORTIND(1.0),21/03/25 11:00:00,Annual,Abortion rate,Rate,Finland,2022,6.0,,
ESTAT:DEMO_FABORTIND(1.0),21/03/25 11:00:00,Annual,Abortion rate,Rate,Finland,2023,6.2,,
ESTAT:DEMO_FABORTIND(1.0),21/03/25 11:00:00,Annual,Abortion rate,Rate,France,2014,13.6,,
ESTAT:DEMO_FABORTIND(1.0),21/03/25 11:00:00,Annual,Abortion rate,Rate,France,2016,13.0,,
ESTAT:DEMO_FABORTIND(1.0),21/03/25 11:00:00,Annual,Abortion rate,Rate,France,2017,13.2,,
ESTAT:DEMO_FABORTIND(1.0),21/03/25 11:00:00,Annual,Abortion rate,Rate,France,2018,13.6,,
ESTAT:DEMO_FABORTIND(1.0),21/03/25 11:00:00,Annual,Abortion rate,Rate,France,2019,14.1,,
ESTAT:DEMO_FABORTIND(1.0),21/03/25 11:00:00,Annual,Abortion rate,Rate,France,2020,13.1,b,
ESTAT:DEMO_FABORTIND(1.0),21/03/25 11:00:00,Annual,Abortion rate,Rate,France,2021,13.1,,
ESTAT:DEMO_FABORTIND(1.0),21/03/25 11:00:00,Annual,Abortion rate,Rate,France,2022,14.1,p,
ESTAT:DEMO_FABORTIND(1.0),21/03/25 11:00:00,Annual,Abortion rate,Rate,Georgia,2015,29.3,,
ESTAT:DEMO_FABORTIND(1.0),21/03/25 11:00:00,Annual,Abortion rate,Rate,Georgia,2016,27.0,,
ESTAT:DEMO_FABORTIND(1.0),21/03/25 11:00:00,Annual,Abortion rate,Rate,Georgia,2017,23.0,,
ESTAT:DEMO_FABORTIND(1.0),21/03/25 11:00:00,Annual,Abortion rate,Rate,Georgia,2018,21.3,,
ESTAT:DEMO_FABORTIND(1.0),21/03/25 11:00:00,Annual,Abortion rate,Rate,Georgia,2019,20.4,,
ESTAT:DEMO_FABORTIND(1.0),21/03/25 11:00:00,Annual,Abortion rate,Rate,Georgia,2020,20.4,,
ESTAT:DEMO_FABORTIND(1.0),21/03/25 11:00:00,Annual,Abortion rate,Rate,Georgia,2021,19.0,,
ESTAT:DEMO_FABORTIND(1.0),21/03/25 11:00:00,Annual,Abortion rate,Rate,Georgia,2022,17.7,,
ESTAT:DEMO_FABORTIND(1.0),21/03/25 11:00:00,Annual,Abortion rate,Rate,Georgia,2023,15.8,,
ESTAT:DEMO_FABORTIND(1.0),21/03/25 11:00:00,Annual,Abortion rate,Rate,Croatia,2013,2.6,,
ESTAT:DEMO_FABORTIND(1.0),21/03/25 11:00:00,Annual,Abortion rate,Rate,Croatia,2014,2.5,,
ESTAT:DEMO_FABORTIND(1.0),21/03/25 11:00:00,Annual,Abortion rate,Rate,Croatia,2015,2.5,,
ESTAT:DEMO_FABORTIND(1.0),21/03/25 11:00:00,Annual,Abortion rate,Rate,Croatia,2016,2.2,,
ESTAT:DEMO_FABORTIND(1.0),21/03/25 11:00:00,Annual,Abortion rate,Rate,Croatia,2017,2.1,,
ESTAT:DEMO_FABORTIND(1.0),21/03/25 11:00:00,Annual,Abortion rate,Rate,Croatia,2018,2.3,,
ESTAT:DEMO_FABORTIND(1.0),21/03/25 11:00:00,Annual,Abortion rate,Rate,Croatia,2019,2.5,,
ESTAT:DEMO_FABORTIND(1.0),21/03/25 11:00:00,Annual,Abortion rate,Rate,Croatia,2020,2.7,,
ESTAT:DEMO_FABORTIND(1.0),21/03/25 11:00:00,Annual,Abortion rate,Rate,Croatia,2022,3.4,,
ESTAT:DEMO_FABORTIND(1.0),21/03/25 11:00:00,Annual,Abortion rate,Rate,Croatia,2023,3.4,,
ESTAT:DEMO_FABORTIND(1.0),21/03/25 11:00:00,Annual,Abortion rate,Rate,Hungary,2013,12.2,,
ESTAT:DEMO_FABORTIND(1.0),21/03/25 11:00:00,Annual,Abortion rate,Rate,Hungary,2014,11.5,,
ESTAT:DEMO_FABORTIND(1.0),21/03/25 11:00:00,Annual,Abortion rate,Rate,Hungary,2015,11.0,,
ESTAT:DEMO_FABORTIND(1.0),21/03/25 11:00:00,Annual,Abortion rate,Rate,Hungary,2016,10.8,,
ESTAT:DEMO_FABORTIND(1.0),21/03/25 11:00:00,Annual,Abortion rate,Rate,Hungary,2017,10.2,,
ESTAT:DEMO_FABORTIND(1.0),21/03/25 11:00:00,Annual,Abortion rate,Rate,Hungary,2018,9.7,,
ESTAT:DEMO_FABORTIND(1.0),21/03/25 11:00:00,Annual,Abortion rate,Rate,Hungary,2019,9.3,,
ESTAT:DEMO_FABORTIND(1.0),21/03/25 11:00:00,Annual,Abortion rate,Rate,Hungary,2020,9.8,,
ESTAT:DEMO_FABORTIND(1.0),21/03/25 11:00:00,Annual,Abortion rate,Rate,Hungary,2022,9.2,,
ESTAT:DEMO_FABORTIND(1.0),21/03/25 11:00:00,Annual,Abortion rate,Rate,Hungary,2023,9.0,,
ESTAT:DEMO_FABORTIND(1.0),21/03/25 11:00:00,Annual,Abortion rate,Rate,Iceland,2017,10.3,,
ESTAT:DEMO_FABORTIND(1.0),21/03/25 11:00:00,Annual,Abortion rate,Rate,Iceland,2018,10.1,,
ESTAT:DEMO_FABORTIND(1.0),21/03/25 11:00:00,Annual,Abortion rate,Rate,Iceland,2021,0.0,,
ESTAT:DEMO_FABORTIND(1.0),21/03/25 11:00:00,Annual,Abortion rate,Rate,Italy,2013,5.9,,
ESTAT:DEMO_FABORTIND(1.0),21/03/25 11:00:00,Annual,Abortion rate,Rate,Italy,2014,5.6,,
ESTAT:DEMO_FABORTIND(1.0),21/03/25 11:00:00,Annual,Abortion rate,Rate,Italy,2016,5.0,,
ESTAT:DEMO_FABORTIND(1.0),21/03/25 11:00:00,Annual,Abortion rate,Rate,Italy,2017,4.8,,
ESTAT:DEMO_FABORTIND(1.0),21/03/25 11:00:00,Annual,Abortion rate,Rate,Italy,2018,4.6,,
ESTAT:DEMO_FABORTIND(1.0),21/03/25 11:00:00,Annual,Abortion rate,Rate,Italy,2020,4.9,,
ESTAT:DEMO_FABORTIND(1.0),21/03/25 11:00:00,Annual,Abortion rate,Rate,Italy,2021,4.8,,
ESTAT:DEMO_FABORTIND(1.0),21/03/25 11:00:00,Annual,Abortion rate,Rate,Italy,2022,5.0,,
ESTAT:DEMO_FABORTIND(1.0),21/03/25 11:00:00,Annual,Abortion rate,Rate,Italy,2023,5.1,,
ESTAT:DEMO_FABORTIND(1.0),21/03/25 11:00:00,Annual,Abortion rate,Rate,Lithuania,2013,6.0,,
ESTAT:DEMO_FABORTIND(1.0),21/03/25 11:00:00,Annual,Abortion rate,Rate,Lithuania,2014,6.0,,
ESTAT:DEMO_FABORTIND(1.0),21/03/25 11:00:00,Annual,Abortion rate,Rate,Lithuania,2015,5.6,,
ESTAT:DEMO_FABORTIND(1.0),21/03/25 11:00:00,Annual,Abortion rate,Rate,Lithuania,2016,5.5,,
ESTAT:DEMO_FABORTIND(1.0),21/03/25 11:00:00,Annual,Abortion rate,Rate,Lithuania,2017,5.4,,
ESTAT:DEMO_FABORTIND(1.0),21/03/25 11:00:00,Annual,Abortion rate,Rate,Lithuania,2018,4.7,,
ESTAT:DEMO_FABORTIND(1.0),21/03/25 11:00:00,Annual,Abortion rate,Rate,Lithuania,2019,4.2,,
ESTAT:DEMO_FABORTIND(1.0),21/03/25 11:00:00,Annual,Abortion rate,Rate,Lithuania,2020,4.3,,
ESTAT:DEMO_FABORTIND(1.0),21/03/25 11:00:00,Annual,Abortion rate,Rate,Lithuania,2021,4.2,,
ESTAT:DEMO_FABORTIND(1.0),21/03/25 11:00:00,Annual,Abortion rate,Rate,Lithuania,2022,4.1,,
ESTAT:DEMO_FABORTIND(1.0),21/03/25 11:00:00,Annual,Abortion rate,Rate,Lithuania,2023,3.9,,
ESTAT:DEMO_FABORTIND(1.0),21/03/25 11:00:00,Annual,Abortion rate,Rate,Latvia,2013,9.5,,
ESTAT:DEMO_FABORTIND(1.0),21/03/25 11:00:00,Annual,Abortion rate,Rate,Latvia,2014,9.3,,
ESTAT:DEMO_FABORTIND(1.0),21/03/25 11:00:00,Annual,Abortion rate,Rate,Latvia,2015,8.6,,
ESTAT:DEMO_FABORTIND(1.0),21/03/25 11:00:00,Annual,Abortion rate,Rate,Latvia,2016,8.0,,
ESTAT:DEMO_FABORTIND(1.0),21/03/25 11:00:00,Annual,Abortion rate,Rate,Latvia,2017,7.3,,
ESTAT:DEMO_FABORTIND(1.0),21/03/25 11:00:00,Annual,Abortion rate,Rate,Latvia,2018,6.9,,
ESTAT:DEMO_FABORTIND(1.0),21/03/25 11:00:00,Annual,Abortion rate,Rate,Latvia,2019,6.5,,
ESTAT:DEMO_FABORTIND(1.0),21/03/25 11:00:00,Annual,Abortion rate,Rate,Latvia,2020,6.4,,
ESTAT:DEMO_FABORTIND(1.0),21/03/25 11:00:00,Annual,Abortion rate,Rate,Latvia,2021,6.1,,
ESTAT:DEMO_FABORTIND(1.0),21/03/25 11:00:00,Annual,Abortion rate,Rate,Latvia,2022,6.4,,
ESTAT:DEMO_FABORTIND(1.0),21/03/25 11:00:00,Annual,Abortion rate,Rate,Latvia,2023,6.2,,
ESTAT:DEMO_FABORTIND(1.0),21/03/25 11:00:00,Annual,Abortion rate,Rate,Moldova,2023,11.4,,
ESTAT:DEMO_FABORTIND(1.0),21/03/25 11:00:00,Annual,Abortion rate,Rate,Montenegro,2014,5.0,,
ESTAT:DEMO_FABORTIND(1.0),21/03/25 11:00:00,Annual,Abortion rate,Rate,Montenegro,2015,5.2,,
ESTAT:DEMO_FABORTIND(1.0),21/03/25 11:00:00,Annual,Abortion rate,Rate,Montenegro,2016,4.1,,
ESTAT:DEMO_FABORTIND(1.0),21/03/25 11:00:00,Annual,Abortion rate,Rate,Montenegro,2017,3.5,,
ESTAT:DEMO_FABORTIND(1.0),21/03/25 11:00:00,Annual,Abortion rate,Rate,Poland,2013,0.1,,
ESTAT:DEMO_FABORTIND(1.0),21/03/25 11:00:00,Annual,Abortion rate,Rate,Poland,2014,0.1,,
ESTAT:DEMO_FABORTIND(1.0),21/03/25 11:00:00,Annual,Abortion rate,Rate,Poland,2015,0.1,,
ESTAT:DEMO_FABORTIND(1.0),21/03/25 11:00:00,Annual,Abortion rate,Rate,Poland,2016,0.1,,
ESTAT:DEMO_FABORTIND(1.0),21/03/25 11:00:00,Annual,Abortion rate,Rate,Poland,2017,0.1,,
ESTAT:DEMO_FABORTIND(1.0),21/03/25 11:00:00,Annual,Abortion rate,Rate,Poland,2018,0.1,,
ESTAT:DEMO_FABORTIND(1.0),21/03/25 11:00:00,Annual,Abortion rate,Rate,Poland,2019,0.1,,
ESTAT:DEMO_FABORTIND(1.0),21/03/25 11:00:00,Annual,Abortion rate,Rate,Poland,2022,0.0,,
ESTAT:DEMO_FABORTIND(1.0),21/03/25 11:00:00,Annual,Abortion rate,Rate,Poland,2023,0.0,,
ESTAT:DEMO_FABORTIND(1.0),21/03/25 11:00:00,Annual,Abortion rate,Rate,Portugal,2014,5.5,,
ESTAT:DEMO_FABORTIND(1.0),21/03/25 11:00:00,Annual,Abortion rate,Rate,Portugal,2015,5.5,,
ESTAT:DEMO_FABORTIND(1.0),21/03/25 11:00:00,Annual,Abortion rate,Rate,Portugal,2016,5.3,,
ESTAT:DEMO_FABORTIND(1.0),21/03/25 11:00:00,Annual,Abortion rate,Rate,Portugal,2017,5.2,,
ESTAT:DEMO_FABORTIND(1.0),21/03/25 11:00:00,Annual,Abortion rate,Rate,Portugal,2018,5.1,,
ESTAT:DEMO_FABORTIND(1.0),21/03/25 11:00:00,Annual,Abortion rate,Rate,Portugal,2019,5.2,,
ESTAT:DEMO_FABORTIND(1.0),21/03/25 11:00:00,Annual,Abortion rate,Rate,Portugal,2020,5.6,,
ESTAT:DEMO_FABORTIND(1.0),21/03/25 11:00:00,Annual,Abortion rate,Rate,Portugal,2021,5.7,,
ESTAT:DEMO_FABORTIND(1.0),21/03/25 11:00:00,Annual,Abortion rate,Rate,Portugal,2022,6.5,,
ESTAT:DEMO_FABORTIND(1.0),21/03/25 11:00:00,Annual,Abortion rate,Rate,Portugal,2023,7.0,,
ESTAT:DEMO_FABORTIND(1.0),21/03/25 11:00:00,Annual,Abortion rate,Rate,Romania,2013,14.9,,
ESTAT:DEMO_FABORTIND(1.0),21/03/25 11:00:00,Annual,Abortion rate,Rate,Romania,2014,13.6,,
ESTAT:DEMO_FABORTIND(1.0),21/03/25 11:00:00,Annual,Abortion rate,Rate,Romania,2015,12.4,,
ESTAT:DEMO_FABORTIND(1.0),21/03/25 11:00:00,Annual,Abortion rate,Rate,Romania,2016,11.3,,
ESTAT:DEMO_FABORTIND(1.0),21/03/25 11:00:00,Annual,Abortion rate,Rate,Romania,2017,10.1,,
ESTAT:DEMO_FABORTIND(1.0),21/03/25 11:00:00,Annual,Abortion rate,Rate,Romania,2018,9.4,,
ESTAT:DEMO_FABORTIND(1.0),21/03/25 11:00:00,Annual,Abortion rate,Rate,Romania,2019,8.6,,
ESTAT:DEMO_FABORTIND(1.0),21/03/25 11:00:00,Annual,Abortion rate,Rate,Romania,2020,6.7,,
ESTAT:DEMO_FABORTIND(1.0),21/03/25 11:00:00,Annual,Abortion rate,Rate,Romania,2021,6.3,,
ESTAT:DEMO_FABORTIND(1.0),21/03/25 11:00:00,Annual,Abortion rate,Rate,Romania,2022,6.2,,
ESTAT:DEMO_FABORTIND(1.0),21/03/25 11:00:00,Annual,Abortion rate,Rate,Romania,2023,6.5,,
ESTAT:DEMO_FABORTIND(1.0),21/03/25 11:00:00,Annual,Abortion rate,Rate,Serbia,2017,5.3,,
ESTAT:DEMO_FABORTIND(1.0),21/03/25 11:00:00,Annual,Abortion rate,Rate,Serbia,2018,5.2,,
ESTAT:DEMO_FABORTIND(1.0),21/03/25 11:00:00,Annual,Abortion rate,Rate,Serbia,2019,5.2,,
ESTAT:DEMO_FABORTIND(1.0),21/03/25 11:00:00,Annual,Abortion rate,Rate,Serbia,2020,4.8,,
ESTAT:DEMO_FABORTIND(1.0),21/03/25 11:00:00,Annual,Abortion rate,Rate,Serbia,2021,5.2,,
ESTAT:DEMO_FABORTIND(1.0),21/03/25 11:00:00,Annual,Abortion rate,Rate,Serbia,2022,5.1,,
ESTAT:DEMO_FABORTIND(1.0),21/03/25 11:00:00,Annual,Abortion rate,Rate,Slovenia,2013,6.9,,
ESTAT:DEMO_FABORTIND(1.0),21/03/25 11:00:00,Annual,Abortion rate,Rate,Slovenia,2015,6.4,,
ESTAT:DEMO_FABORTIND(1.0),21/03/25 11:00:00,Annual,Abortion rate,Rate,Slovenia,2016,6.6,,
ESTAT:DEMO_FABORTIND(1.0),21/03/25 11:00:00,Annual,Abortion rate,Rate,Slovenia,2017,6.3,,
ESTAT:DEMO_FABORTIND(1.0),21/03/25 11:00:00,Annual,Abortion rate,Rate,Slovenia,2018,6.3,,
ESTAT:DEMO_FABORTIND(1.0),21/03/25 11:00:00,Annual,Abortion rate,Rate,Slovenia,2019,5.9,,
ESTAT:DEMO_FABORTIND(1.0),21/03/25 11:00:00,Annual,Abortion rate,Rate,Slovenia,2020,6.1,,
ESTAT:DEMO_FABORTIND(1.0),21/03/25 11:00:00,Annual,Abortion rate,Rate,Slovenia,2021,6.1,,
ESTAT:DEMO_FABORTIND(1.0),21/03/25 11:00:00,Annual,Abortion rate,Rate,Slovenia,2022,6.2,,
ESTAT:DEMO_FABORTIND(1.0),21/03/25 11:00:00,Annual,Abortion rate,Rate,Slovenia,2023,6.3,,
ESTAT:DEMO_FABORTIND(1.0),21/03/25 11:00:00,Annual,Abortion rate,Rate,Slovakia,2013,6.6,,
ESTAT:DEMO_FABORTIND(1.0),21/03/25 11:00:00,Annual,Abortion rate,Rate,Slovakia,2014,6.4,,
ESTAT:DEMO_FABORTIND(1.0),21/03/25 11:00:00,Annual,Abortion rate,Rate,Slovakia,2015,6.1,,
ESTAT:DEMO_FABORTIND(1.0),21/03/25 11:00:00,Annual,Abortion rate,Rate,Slovakia,2016,5.8,,
ESTAT:DEMO_FABORTIND(1.0),21/03/25 11:00:00,Annual,Abortion rate,Rate,Slovakia,2017,5.6,,
ESTAT:DEMO_FABORTIND(1.0),21/03/25 11:00:00,Annual,Abortion rate,Rate,Slovakia,2018,5.6,,
ESTAT:DEMO_FABORTIND(1.0),21/03/25 11:00:00,Annual,Abortion rate,Rate,Slovakia,2019,4.2,,
ESTAT:DEMO_FABORTIND(1.0),21/03/25 11:00:00,Annual,Abortion rate,Rate,Slovakia,2020,4.4,,
ESTAT:DEMO_FABORTIND(1.0),21/03/25 11:00:00,Annual,Abortion rate,Rate,Slovakia,2022,4.3,,
ESTAT:DEMO_FABORTIND(1.0),21/03/25 11:00:00,Annual,Abortion rate,Rate,Slovakia,2023,4.3,,
ESTAT:DEMO_FABORTIND(1.0),21/03/25 11:00:00,Annual,Abortion rate,Rate,Ukraine,2014,8.6,,
ESTAT:DEMO_FABORTIND(1.0),21/03/25 11:00:00,Annual,Abortion rate,Rate,Ukraine,2017,7.5,,
ESTAT:DEMO_FABORTIND(1.0),21/03/25 11:00:00,Annual,Abortion rate,Rate,Ukraine,2018,7.0,,
ESTAT:DEMO_FABORTIND(1.0),21/03/25 11:00:00,Annual,Abortion rate,Rate,Ukraine,2019,6.4,,
ESTAT:DEMO_FABORTIND(1.0),21/03/25 11:00:00,Annual,Abortion rate,Rate,Ukraine,2020,6.0,,
ESTAT:DEMO_FABORTIND(1.0),21/03/25 11:00:00,Annual,Abortion rate,Rate,United Kingdom,2015,10.4,,
ESTAT:DEMO_FABORTIND(1.0),21/03/25 11:00:00,Annual,Abortion rate,Rate,United Kingdom,2016,10.4,,
ESTAT:DEMO_FABORTIND(1.0),21/03/25 11:00:00,Annual,Abortion ratio,Rate,Albania,2014,155.8,,
ESTAT:DEMO_FABORTIND(1.0),21/03/25 11:00:00,Annual,Abortion ratio,Rate,Albania,2015,171.8,,
ESTAT:DEMO_FABORTIND(1.0),21/03/25 11:00:00,Annual,Abortion ratio,Rate,Albania,2017,32.4,,
ESTAT:DEMO_FABORTIND(1.0),21/03/25 11:00:00,Annual,Abortion ratio,Rate,Albania,2018,39.6,,
ESTAT:DEMO_FABORTIND(1.0),21/03/25 11:00:00,Annual,Abortion ratio,Rate,Albania,2019,29.3,,
ESTAT:DEMO_FABORTIND(1.0),21/03/25 11:00:00,Annual,Abortion ratio,Rate,Albania,2020,31.1,,
ESTAT:DEMO_FABORTIND(1.0),21/03/25 11:00:00,Annual,Abortion ratio,Rate,Albania,2022,27.4,,
ESTAT:DEMO_FABORTIND(1.0),21/03/25 11:00:00,Annual,Abortion ratio,Rate,Albania,2023,29.7,,
ESTAT:DEMO_FABORTIND(1.0),21/03/25 11:00:00,Annual,Abortion ratio,Rate,Armenia,2014,276.4,,
ESTAT:DEMO_FABORTIND(1.0),21/03/25 11:00:00,Annual,Abortion ratio,Rate,Armenia,2015,265.9,,
ESTAT:DEMO_FABORTIND(1.0),21/03/25 11:00:00,Annual,Abortion ratio,Rate,Armenia,2016,257.4,,
ESTAT:DEMO_FABORTIND(1.0),21/03/25 11:00:00,Annual,Abortion ratio,Rate,Armenia,2017,265.4,,
ESTAT:DEMO_FABORTIND(1.0),21/03/25 11:00:00,Annual,Abortion ratio,Rate,Armenia,2018,284.5,,
ESTAT:DEMO_FABORTIND(1.0),21/03/25 11:00:00,Annual,Abortion ratio,Rate,Armenia,2020,294.8,,
ESTAT:DEMO_FABORTIND(1.0),21/03/25 11:00:00,Annual,Abortion ratio,Rate,Armenia,2022,271.4,,
ESTAT:DEMO_FABORTIND(1.0),21/03/25 11:00:00,Annual,Abortion ratio,Rate,Armenia,2023,243.8,,
ESTAT:DEMO_FABORTIND(1.0),21/03/25 11:00:00,Annual,Abortion ratio,Rate,Azerbaijan,2013,161.5,,
ESTAT:DEMO_FABORTIND(1.0),21/03/25 11:00:00,Annual,Abortion ratio,Rate,Azerbaijan,2014,159.6,,
ESTAT:DEMO_FABORTIND(1.0),21/03/25 11:00:00,Annual,Abortion ratio,Rate,Azerbaijan,2015,165.2,,
ESTAT:DEMO_FABORTIND(1.0),21/03/25 11:00:00,Annual,Abortion ratio,Rate,Azerbaijan,2016,216.8,,
ESTAT:DEMO_FABORTIND(1.0),21/03/25 11:00:00,Annual,Abortion ratio,Rate,Azerbaijan,2017,240.0,,
ESTAT:DEMO_FABORTIND(1.0),21/03/25 11:00:00,Annual,Abortion ratio,Rate,Azerbaijan,2018,260.0,,
ESTAT:DEMO_FABORTIND(1.0),21/03/25 11:00:00,Annual,Abortion ratio,Rate,Azerbaijan,2019,264.2,,
ESTAT:DEMO_FABORTIND(1.0),21/03/25 11:00:00,Annual,Abortion ratio,Rate,Azerbaijan,2020,274.2,,
ESTAT:DEMO_FABORTIND(1.0),21/03/25 11:00:00,Annual,Abortion ratio,Rate,Azerbaijan,2021,417.4,,
ESTAT:DEMO_FABORTIND(1.0),21/03/25 11:00:00,Annual,Abortion ratio,Rate,Bulgaria,2013,443.2,,
ESTAT:DEMO_FABORTIND(1.0),21/03/25 11:00:00,Annual,Abortion ratio,Rate,Bulgaria,2014,416.4,,
ESTAT:DEMO_FABORTIND(1.0),21/03/25 11:00:00,Annual,Abortion ratio,Rate,Bulgaria,2015,421.3,,
ESTAT:DEMO_FABORTIND(1.0),21/03/25 11:00:00,Annual,Abortion ratio,Rate,Bulgaria,2016,406.4,,
ESTAT:DEMO_FABORTIND(1.0),21/03/25 11:00:00,Annual,Abortion ratio,Rate,Bulgaria,2017,379.8,,
ESTAT:DEMO_FABORTIND(1.0),21/03/25 11:00:00,Annual,Abortion ratio,Rate,Bulgaria,2018,376.8,,
ESTAT:DEMO_FABORTIND(1.0),21/03/25 11:00:00,Annual,Abortion ratio,Rate,Bulgaria,2019,355.3,,
ESTAT:DEMO_FABORTIND(1.0),21/03/25 11:00:00,Annual,Abortion ratio,Rate,Bulgaria,2020,327.1,,
ESTAT:DEMO_FABORTIND(1.0),21/03/25 11:00:00,Annual,Abortion ratio,Rate,Belarus,2014,251.4,,
ESTAT:DEMO_FABORTIND(1.0),21/03/25 11:00:00,Annual,Abortion ratio,Rate,Belarus,2015,245.5,,
ESTAT:DEMO_FABORTIND(1.0),21/03/25 11:00:00,Annual,Abortion ratio,Rate,Belarus,2016,233.2,,
ESTAT:DEMO_FABORTIND(1.0),21/03/25 11:00:00,Annual,Abortion ratio,Rate,Belarus,2017,246.2,,
ESTAT:DEMO_FABORTIND(1.0),21/03/25 11:00:00,Annual,Abortion ratio,Rate,Belarus,2018,247.8,,
ESTAT:DEMO_FABORTIND(1.0),21/03/25 11:00:00,Annual,Abortion ratio,Rate,Switzerland,2013,122.5,,
ESTAT:DEMO_FABORTIND(1.0),21/03/25 11:00:00,Annual,Abortion ratio,Rate,Switzerland,2014,117.1,,
ESTAT:DEMO_FABORTIND(1.0),21/03/25 11:00:00,Annual,Abortion ratio,Rate,Switzerland,2015,116.2,,
ESTAT:DEMO_FABORTIND(1.0),21/03/25 11:00:00,Annual,Abortion ratio,Rate,Switzerland,2016,114.8,,
ESTAT:DEMO_FABORTIND(1.0),21/03/25 11:00:00,Annual,Abortion ratio,Rate,Switzerland,2017,112.9,,
ESTAT:DEMO_FABORTIND(1.0),21/03/25 11:00:00,Annual,Abortion ratio,Rate,Switzerland,2018,116.8,,
ESTAT:DEMO_FABORTIND(1.0),21/03/25 11:00:00,Annual,Abortion ratio,Rate,Switzerland,2019,105.2,,
ESTAT:DEMO_FABORTIND(1.0),21/03/25 11:00:00,Annual,Abortion ratio,Rate,Switzerland,2020,125.4,,
ESTAT:DEMO_FABORTIND(1.0),21/03/25 11:00:00,Annual,Abortion ratio,Rate,Czechia,2013,212.8,,
ESTAT:DEMO_FABORTIND(1.0),21/03/25 11:00:00,Annual,Abortion ratio,Rate,Czechia,2014,199.3,,
ESTAT:DEMO_FABORTIND(1.0),21/03/25 11:00:00,Annual,Abortion ratio,Rate,Czechia,2015,184.2,,
ESTAT:DEMO_FABORTIND(1.0),21/03/25 11:00:00,Annual,Abortion ratio,Rate,Czechia,2016,181.1,,
ESTAT:DEMO_FABORTIND(1.0),21/03/25 11:00:00,Annual,Abortion ratio,Rate,Czechia,2017,169.7,,
ESTAT:DEMO_FABORTIND(1.0),21/03/25 11:00:00,Annual,Abortion ratio,Rate,Czechia,2018,160.5,,
ESTAT:DEMO_FABORTIND(1.0),21/03/25 11:00:00,Annual,Abortion ratio,Rate,Czechia,2019,158.2,,
ESTAT:DEMO_FABORTIND(1.0),21/03/25 11:00:00,Annual,Abortion ratio,Rate,Czechia,2020,153.2,,
ESTAT:DEMO_FABORTIND(1.0),21/03/25 11:00:00,Annual,Abortion ratio,Rate,Czechia,2021,138.6,,
ESTAT:DEMO_FABORTIND(1.0),21/03/25 11:00:00,Annual,Abortion ratio,Rate,Czechia,2022,162.3,,
ESTAT:DEMO_FABORTIND(1.0),21/03/25 11:00:00,Annual,Abortion ratio,Rate,Czechia,2023,165.5,,
ESTAT:DEMO_FABORTIND(1.0),21/03/25 11:00:00,Annual,Abortion ratio,Rate,Germany,2014,139.5,,
ESTAT:DEMO_FABORTIND(1.0),21/03/25 11:00:00,Annual,Abortion ratio,Rate,Germany,2015,134.5,,
ESTAT:DEMO_FABORTIND(1.0),21/03/25 11:00:00,Annual,Abortion ratio,Rate,Germany,2016,124.6,,
ESTAT:DEMO_FABORTIND(1.0),21/03/25 11:00:00,Annual,Abortion ratio,Rate,Germany,2017,128.9,,
ESTAT:DEMO_FABORTIND(1.0),21/03/25 11:00:00,Annual,Abortion ratio,Rate,Germany,2018,128.2,,
ESTAT:DEMO_FABORTIND(1.0),21/03/25 11:00:00,Annual,Abortion ratio,Rate,Germany,2019,129.7,,
ESTAT:DEMO_FABORTIND(1.0),21/03/25 11:00:00,Annual,Abortion ratio,Rate,Germany,2020,129.3,,
ESTAT:DEMO_FABORTIND(1.0),21/03/25 11:00:00,Annual,Abortion ratio,Rate,Germany,2022,140.7,,
ESTAT:DEMO_FABORTIND(1.0),21/03/25 11:00:00,Annual,Abortion ratio,Rate,Germany,2023,153.3,,
ESTAT:DEMO_FABORTIND(1.0),21/03/25 11:00:00,Annual,Abortion ratio,Rate,Germany including former GDR,2013,150.7,,
ESTAT:DEMO_FABORTIND(1.0),21/03/25 11:00:00,Annual,Abortion ratio,Rate,Germany including former GDR,2014,139.5,,
ESTAT:DEMO_FABORTIND(1.0),21/03/25 11:00:00,Annual,Abortion ratio,Rate,Germany including former GDR,2015,134.5,,
ESTAT:DEMO_FABORTIND(1.0),21/03/25 11:00:00,Annual,Abortion ratio,Rate,Germany including former GDR,2016,124.6,,
ESTAT:DEMO_FABORTIND(1.0),21/03/25 11:00:00,Annual,Abortion ratio,Rate,Germany including former GDR,2017,128.9,,
ESTAT:DEMO_FABORTIND(1.0),21/03/25 11:00:00,Annual,Abortion ratio,Rate,Germany including former GDR,2018,128.2,,
ESTAT:DEMO_FABORTIND(1.0),21/03/25 11:00:00,Annual,Abortion ratio,Rate,Germany including former GDR,2019,129.7,,
ESTAT:DEMO_FABORTIND(1.0),21/03/25 11:00:00,Annual,Abortion ratio,Rate,Germany including former GDR,2020,129.3,,
ESTAT:DEMO_FABORTIND(1.0),21/03/25 11:00:00,Annual,Abortion ratio,Rate,Germany including former GDR,2022,140.7,,
ESTAT:DEMO_FABORTIND(1.0),21/03/25 11:00:00,Annual,Abortion ratio,Rate,Germany including former GDR,2023,153.3,,
ESTAT:DEMO_FABORTIND(1.0),21/03/25 11:00:00,Annual,Abortion ratio,Rate,Denmark,2013,269.8,,
ESTAT:DEMO_FABORTIND(1.0),21/03/25 11:00:00,Annual,Abortion ratio,Rate,Denmark,2014,265.5,,
ESTAT:DEMO_FABORTIND(1.0),21/03/25 11:00:00,Annual,Abortion ratio,Rate,Estonia,2013,426.9,,
ESTAT:DEMO_FABORTIND(1.0),21/03/25 11:00:00,Annual,Abortion ratio,Rate,Estonia,2014,380.3,,
ESTAT:DEMO_FABORTIND(1.0),21/03/25 11:00:00,Annual,Abortion ratio,Rate,Estonia,2015,351.5,,
ESTAT:DEMO_FABORTIND(1.0),21/03/25 11:00:00,Annual,Abortion ratio,Rate,Estonia,2016,318.4,,
ESTAT:DEMO_FABORTIND(1.0),21/03/25 11:00:00,Annual,Abortion ratio,Rate,Estonia,2017,290.0,,
ESTAT:DEMO_FABORTIND(1.0),21/03/25 11:00:00,Annual,Abortion ratio,Rate,Estonia,2018,264.5,,
ESTAT:DEMO_FABORTIND(1.0),21/03/25 11:00:00,Annual,Abortion ratio,Rate,Estonia,2019,265.3,,
ESTAT:DEMO_FABORTIND(1.0),21/03/25 11:00:00,Annual,Abortion ratio,Rate,Estonia,2020,261.6,,
ESTAT:DEMO_FABORTIND(1.0),21/03/25 11:00:00,Annual,Abortion ratio,Rate,Estonia,2021,249.2,,
ESTAT:DEMO_FABORTIND(1.0),21/03/25 11:00:00,Annual,Abortion ratio,Rate,Estonia,2022,290.7,,
ESTAT:DEMO_FABORTIND(1.0),21/03/25 11:00:00,Annual,Abortion ratio,Rate,Estonia,2023,306.5,,
ESTAT:DEMO_FABORTIND(1.0),21/03/25 11:00:00,Annual,Abortion ratio,Rate,Spain,2013,256.1,,
ESTAT:DEMO_FABORTIND(1.0),21/03/25 11:00:00,Annual,Abortion ratio,Rate,Spain,2014,222.5,,
ESTAT:DEMO_FABORTIND(1.0),21/03/25 11:00:00,Annual,Abortion ratio,Rate,Spain,2015,225.1,,
ESTAT:DEMO_FABORTIND(1.0),21/03/25 11:00:00,Annual,Abortion ratio,Rate,Spain,2017,240.6,,
ESTAT:DEMO_FABORTIND(1.0),21/03/25 11:00:00,Annual,Abortion ratio,Rate,Spain,2018,258.7,,
ESTAT:DEMO_FABORTIND(1.0),21/03/25 11:00:00,Annual,Abortion ratio,Rate,Spain,2019,276.4,,
ESTAT:DEMO_FABORTIND(1.0),21/03/25 11:00:00,Annual,Abortion ratio,Rate,Spain,2020,259.1,,
ESTAT:DEMO_FABORTIND(1.0),21/03/25 11:00:00,Annual,Abortion ratio,Rate,Spain,2021,267.8,,
ESTAT:DEMO_FABORTIND(1.0),21/03/25 11:00:00,Annual,Abortion ratio,Rate,Spain,2022,299.1,,
ESTAT:DEMO_FABORTIND(1.0),21/03/25 11:00:00,Annual,Abortion ratio,Rate,Spain,2023,317.9,,
ESTAT:DEMO_FABORTIND(1.0),21/03/25 11:00:00,Annual,Abortion ratio,Rate,Finland,2013,174.1,,
ESTAT:DEMO_FABORTIND(1.0),21/03/25 11:00:00,Annual,Abortion ratio,Rate,Finland,2014,170.9,,
ESTAT:DEMO_FABORTIND(1.0),21/03/25 11:00:00,Annual,Abortion ratio,Rate,Finland,2015,170.2,,
ESTAT:DEMO_FABORTIND(1.0),21/03/25 11:00:00,Annual,Abortion ratio,Rate,Finland,2016,177.7,,
ESTAT:DEMO_FABORTIND(1.0),21/03/25 11:00:00,Annual,Abortion ratio,Rate,Finland,2017,185.4,,
ESTAT:DEMO_FABORTIND(1.0),21/03/25 11:00:00,Annual,Abortion ratio,Rate,Finland,2018,180.7,,
ESTAT:DEMO_FABORTIND(1.0),21/03/25 11:00:00,Annual,Abortion ratio,Rate,Finland,2019,190.9,,
ESTAT:DEMO_FABORTIND(1.0),21/03/25 11:00:00,Annual,Abortion ratio,Rate,Finland,2020,179.1,,
ESTAT:DEMO_FABORTIND(1.0),21/03/25 11:00:00,Annual,Abortion ratio,Rate,Finland,2022,173.1,,
ESTAT:DEMO_FABORTIND(1.0),21/03/25 11:00:00,Annual,Abortion ratio,Rate,Finland,2023,189.2,,
ESTAT:DEMO_FABORTIND(1.0),21/03/25 11:00:00,Annual,Abortion ratio,Rate,France,2014,277.3,,
ESTAT:DEMO_FABORTIND(1.0),21/03/25 11:00:00,Annual,Abortion ratio,Rate,France,2015,275.7,,
ESTAT:DEMO_FABORTIND(1.0),21/03/25 11:00:00,Annual,Abortion ratio,Rate,France,2016,275.5,,
ESTAT:DEMO_FABORTIND(1.0),21/03/25 11:00:00,Annual,Abortion ratio,Rate,France,2017,282.9,,
ESTAT:DEMO_FABORTIND(1.0),21/03/25 11:00:00,Annual,Abortion ratio,Rate,France,2018,296.6,,
ESTAT:DEMO_FABORTIND(1.0),21/03/25 11:00:00,Annual,Abortion ratio,Rate,France,2019,309.4,,
ESTAT:DEMO_FABORTIND(1.0),21/03/25 11:00:00,Annual,Abortion ratio,Rate,France,2020,293.7,b,
ESTAT:DEMO_FABORTIND(1.0),21/03/25 11:00:00,Annual,Abortion ratio,Rate,France,2021,291.8,,
ESTAT:DEMO_FABORTIND(1.0),21/03/25 11:00:00,Annual,Abortion ratio,Rate,France,2022,321.1,p,
ESTAT:DEMO_FABORTIND(1.0),21/03/25 11:00:00,Annual,Abortion ratio,Rate,Georgia,2013,656.9,,
ESTAT:DEMO_FABORTIND(1.0),21/03/25 11:00:00,Annual,Abortion ratio,Rate,Georgia,2015,563.3,,
ESTAT:DEMO_FABORTIND(1.0),21/03/25 11:00:00,Annual,Abortion ratio,Rate,Georgia,2016,524.0,,
ESTAT:DEMO_FABORTIND(1.0),21/03/25 11:00:00,Annual,Abortion ratio,Rate,Georgia,2017,467.9,,
ESTAT:DEMO_FABORTIND(1.0),21/03/25 11:00:00,Annual,Abortion ratio,Rate,Georgia,2018,444.5,,
ESTAT:DEMO_FABORTIND(1.0),21/03/25 11:00:00,Annual,Abortion ratio,Rate,Georgia,2019,447.2,,
ESTAT:DEMO_FABORTIND(1.0),21/03/25 11:00:00,Annual,Abortion ratio,Rate,Georgia,2020,409.3,,
ESTAT:DEMO_FABORTIND(1.0),21/03/25 11:00:00,Annual,Abortion ratio,Rate,Georgia,2021,386.8,,
ESTAT:DEMO_FABORTIND(1.0),21/03/25 11:00:00,Annual,Abortion ratio,Rate,Georgia,2022,392.7,,
ESTAT:DEMO_FABORTIND(1.0),21/03/25 11:00:00,Annual,Abortion ratio,Rate,Georgia,2023,370.1,,
ESTAT:DEMO_FABORTIND(1.0),21/03/25 11:00:00,Annual,Abortion ratio,Rate,Croatia,2013,79.1,,
ESTAT:DEMO_FABORTIND(1.0),21/03/25 11:00:00,Annual,Abortion ratio,Rate,Croatia,2014,76.3,,
ESTAT:DEMO_FABORTIND(1.0),21/03/25 11:00:00,Annual,Abortion ratio,Rate,Croatia,2015,80.0,,
ESTAT:DEMO_FABORTIND(1.0),21/03/25 11:00:00,Annual,Abortion ratio,Rate,Croatia,2016,67.1,,
ESTAT:DEMO_FABORTIND(1.0),21/03/25 11:00:00,Annual,Abortion ratio,Rate,Croatia,2017,66.1,,
ESTAT:DEMO_FABORTIND(1.0),21/03/25 11:00:00,Annual,Abortion ratio,Rate,Croatia,2018,69.2,,
ESTAT:DEMO_FABORTIND(1.0),21/03/25 11:00:00,Annual,Abortion ratio,Rate,Croatia,2019,74.8,,
ESTAT:DEMO_FABORTIND(1.0),21/03/25 11:00:00,Annual,Abortion ratio,Rate,Croatia,2020,72.4,,
ESTAT:DEMO_FABORTIND(1.0),21/03/25 11:00:00,Annual,Abortion ratio,Rate,Croatia,2022,89.7,,
ESTAT:DEMO_FABORTIND(1.0),21/03/25 11:00:00,Annual,Abortion ratio,Rate,Croatia,2023,93.7,,
ESTAT:DEMO_FABORTIND(1.0),21/03/25 11:00:00,Annual,Abortion ratio,Rate,Hungary,2013,389.7,,
ESTAT:DEMO_FABORTIND(1.0),21/03/25 11:00:00,Annual,Abortion ratio,Rate,Hungary,2014,350.2,,
ESTAT:DEMO_FABORTIND(1.0),21/03/25 11:00:00,Annual,Abortion ratio,Rate,Hungary,2015,338.4,,
ESTAT:DEMO_FABORTIND(1.0),21/03/25 11:00:00,Annual,Abortion ratio,Rate,Hungary,2016,319.2,,
ESTAT:DEMO_FABORTIND(1.0),21/03/25 11:00:00,Annual,Abortion ratio,Rate,Hungary,2017,301.1,,
ESTAT:DEMO_FABORTIND(1.0),21/03/25 11:00:00,Annual,Abortion ratio,Rate,Hungary,2018,288.2,,
ESTAT:DEMO_FABORTIND(1.0),21/03/25 11:00:00,Annual,Abortion ratio,Rate,Hungary,2019,276.9,,
ESTAT:DEMO_FABORTIND(1.0),21/03/25 11:00:00,Annual,Abortion ratio,Rate,Hungary,2020,254.8,,
ESTAT:DEMO_FABORTIND(1.0),21/03/25 11:00:00,Annual,Abortion ratio,Rate,Hungary,2022,242.9,,
ESTAT:DEMO_FABORTIND(1.0),21/03/25 11:00:00,Annual,Abortion ratio,Rate,Hungary,2023,241.1,,
ESTAT:DEMO_FABORTIND(1.0),21/03/25 11:00:00,Annual,Abortion ratio,Rate,Iceland,2017,256.4,,
ESTAT:DEMO_FABORTIND(1.0),21/03/25 11:00:00,Annual,Abortion ratio,Rate,Iceland,2018,248.1,,
ESTAT:DEMO_FABORTIND(1.0),21/03/25 11:00:00,Annual,Abortion ratio,Rate,Iceland,2021,0.0,,
ESTAT:DEMO_FABORTIND(1.0),21/03/25 11:00:00,Annual,Abortion ratio,Rate,Italy,2013,195.1,,
ESTAT:DEMO_FABORTIND(1.0),21/03/25 11:00:00,Annual,Abortion ratio,Rate,Italy,2014,189.8,,
ESTAT:DEMO_FABORTIND(1.0),21/03/25 11:00:00,Annual,Abortion ratio,Rate,Italy,2016,179.3,,
ESTAT:DEMO_FABORTIND(1.0),21/03/25 11:00:00,Annual,Abortion ratio,Rate,Italy,2017,175.7,,
ESTAT:DEMO_FABORTIND(1.0),21/03/25 11:00:00,Annual,Abortion ratio,Rate,Italy,2018,172.9,,
ESTAT:DEMO_FABORTIND(1.0),21/03/25 11:00:00,Annual,Abortion ratio,Rate,Italy,2020,162.4,,
ESTAT:DEMO_FABORTIND(1.0),21/03/25 11:00:00,Annual,Abortion ratio,Rate,Italy,2021,158.2,,
ESTAT:DEMO_FABORTIND(1.0),21/03/25 11:00:00,Annual,Abortion ratio,Rate,Italy,2022,166.4,,
ESTAT:DEMO_FABORTIND(1.0),21/03/25 11:00:00,Annual,Abortion ratio,Rate,Italy,2023,172.4,,
ESTAT:DEMO_FABORTIND(1.0),21/03/25 11:00:00,Annual,Abortion ratio,Rate,Lithuania,2013,179.1,,
ESTAT:DEMO_FABORTIND(1.0),21/03/25 11:00:00,Annual,Abortion ratio,Rate,Lithuania,2014,172.2,,
ESTAT:DEMO_FABORTIND(1.0),21/03/25 11:00:00,Annual,Abortion ratio,Rate,Lithuania,2015,150.4,,
ESTAT:DEMO_FABORTIND(1.0),21/03/25 11:00:00,Annual,Abortion ratio,Rate,Lithuania,2016,147.0,,
ESTAT:DEMO_FABORTIND(1.0),21/03/25 11:00:00,Annual,Abortion ratio,Rate,Lithuania,2017,149.6,,
ESTAT:DEMO_FABORTIND(1.0),21/03/25 11:00:00,Annual,Abortion ratio,Rate,Lithuania,2018,127.5,,
ESTAT:DEMO_FABORTIND(1.0),21/03/25 11:00:00,Annual,Abortion ratio,Rate,Lithuania,2019,116.7,,
ESTAT:DEMO_FABORTIND(1.0),21/03/25 11:00:00,Annual,Abortion ratio,Rate,Lithuania,2020,111.1,,
ESTAT:DEMO_FABORTIND(1.0),21/03/25 11:00:00,Annual,Abortion ratio,Rate,Lithuania,2021,117.2,,
ESTAT:DEMO_FABORTIND(1.0),21/03/25 11:00:00,Annual,Abortion ratio,Rate,Lithuania,2022,122.6,,
ESTAT:DEMO_FABORTIND(1.0),21/03/25 11:00:00,Annual,Abortion ratio,Rate,Lithuania,2023,128.1,,
ESTAT:DEMO_FABORTIND(1.0),21/03/25 11:00:00,Annual,Abortion ratio,Rate,Latvia,2013,269.8,,
ESTAT:DEMO_FABORTIND(1.0),21/03/25 11:00:00,Annual,Abortion ratio,Rate,Latvia,2014,244.6,,
ESTAT:DEMO_FABORTIND(1.0),21/03/25 11:00:00,Annual,Abortion ratio,Rate,Latvia,2015,218.5,,
ESTAT:DEMO_FABORTIND(1.0),21/03/25 11:00:00,Annual,Abortion ratio,Rate,Latvia,2016,198.7,,
ESTAT:DEMO_FABORTIND(1.0),21/03/25 11:00:00,Annual,Abortion ratio,Rate,Latvia,2017,188.1,,
ESTAT:DEMO_FABORTIND(1.0),21/03/25 11:00:00,Annual,Abortion ratio,Rate,Latvia,2018,188.3,,
ESTAT:DEMO_FABORTIND(1.0),21/03/25 11:00:00,Annual,Abortion ratio,Rate,Latvia,2019,179.2,,
ESTAT:DEMO_FABORTIND(1.0),21/03/25 11:00:00,Annual,Abortion ratio,Rate,Latvia,2020,162.3,,
ESTAT:DEMO_FABORTIND(1.0),21/03/25 11:00:00,Annual,Abortion ratio,Rate,Latvia,2021,154.9,,
ESTAT:DEMO_FABORTIND(1.0),21/03/25 11:00:00,Annual,Abortion ratio,Rate,Latvia,2022,175.1,,
ESTAT:DEMO_FABORTIND(1.0),21/03/25 11:00:00,Annual,Abortion ratio,Rate,Latvia,2023,186.3,,
ESTAT:DEMO_FABORTIND(1.0),21/03/25 11:00:00,Annual,Abortion ratio,Rate,Moldova,2020,269.9,,
ESTAT:DEMO_FABORTIND(1.0),21/03/25 11:00:00,Annual,Abortion ratio,Rate,Moldova,2022,293.0,p,
ESTAT:DEMO_FABORTIND(1.0),21/03/25 11:00:00,Annual,Abortion ratio,Rate,Moldova,2023,301.7,,
ESTAT:DEMO_FABORTIND(1.0),21/03/25 11:00:00,Annual,Abortion ratio,Rate,Montenegro,2014,125.2,,
ESTAT:DEMO_FABORTIND(1.0),21/03/25 11:00:00,Annual,Abortion ratio,Rate,Montenegro,2015,132.7,,
ESTAT:DEMO_FABORTIND(1.0),21/03/25 11:00:00,Annual,Abortion ratio,Rate,Montenegro,2016,100.8,,
ESTAT:DEMO_FABORTIND(1.0),21/03/25 11:00:00,Annual,Abortion ratio,Rate,Montenegro,2017,85.7,,
ESTAT:DEMO_FABORTIND(1.0),21/03/25 11:00:00,Annual,Abortion ratio,Rate,Poland,2013,2.0,,
ESTAT:DEMO_FABORTIND(1.0),21/03/25 11:00:00,Annual,Abortion ratio,Rate,Poland,2014,2.6,,
ESTAT:DEMO_FABORTIND(1.0),21/03/25 11:00:00,Annual,Abortion ratio,Rate,Poland,2015,2.8,,
ESTAT:DEMO_FABORTIND(1.0),21/03/25 11:00:00,Annual,Abortion ratio,Rate,Poland,2016,2.9,,
ESTAT:DEMO_FABORTIND(1.0),21/03/25 11:00:00,Annual,Abortion ratio,Rate,Poland,2017,2.6,,
ESTAT:DEMO_FABORTIND(1.0),21/03/25 11:00:00,Annual,Abortion ratio,Rate,Poland,2018,2.8,,
ESTAT:DEMO_FABORTIND(1.0),21/03/25 11:00:00,Annual,Abortion ratio,Rate,Poland,2019,3.0,,
ESTAT:DEMO_FABORTIND(1.0),21/03/25 11:00:00,Annual,Abortion ratio,Rate,Poland,2022,0.5,,
ESTAT:DEMO_FABORTIND(1.0),21/03/25 11:00:00,Annual,Abortion ratio,Rate,Poland,2023,1.6,,
ESTAT:DEMO_FABORTIND(1.0),21/03/25 11:00:00,Annual,Abortion ratio,Rate,Portugal,2014,203.5,,
ESTAT:DEMO_FABORTIND(1.0),21/03/25 11:00:00,Annual,Abortion ratio,Rate,Portugal,2015,194.8,,
ESTAT:DEMO_FABORTIND(1.0),21/03/25 11:00:00,Annual,Abortion ratio,Rate,Portugal,2016,183.2,,
ESTAT:DEMO_FABORTIND(1.0),21/03/25 11:00:00,Annual,Abortion ratio,Rate,Portugal,2017,179.8,,
ESTAT:DEMO_FABORTIND(1.0),21/03/25 11:00:00,Annual,Abortion ratio,Rate,Portugal,2018,171.5,,
ESTAT:DEMO_FABORTIND(1.0),21/03/25 11:00:00,Annual,Abortion ratio,Rate,Portugal,2019,176.3,,
ESTAT:DEMO_FABORTIND(1.0),21/03/25 11:00:00,Annual,Abortion ratio,Rate,Portugal,2020,166.5,,
ESTAT:DEMO_FABORTIND(1.0),21/03/25 11:00:00,Annual,Abortion ratio,Rate,Portugal,2021,175.4,,
ESTAT:DEMO_FABORTIND(1.0),21/03/25 11:00:00,Annual,Abortion ratio,Rate,Portugal,2022,189.7,,
ESTAT:DEMO_FABORTIND(1.0),21/03/25 11:00:00,Annual,Abortion ratio,Rate,Portugal,2023,199.8,,
ESTAT:DEMO_FABORTIND(1.0),21/03/25 11:00:00,Annual,Abortion ratio,Rate,Romania,2013,458.3,,
ESTAT:DEMO_FABORTIND(1.0),21/03/25 11:00:00,Annual,Abortion ratio,Rate,Romania,2014,394.3,,
ESTAT:DEMO_FABORTIND(1.0),21/03/25 11:00:00,Annual,Abortion ratio,Rate,Romania,2015,350.9,,
ESTAT:DEMO_FABORTIND(1.0),21/03/25 11:00:00,Annual,Abortion ratio,Rate,Romania,2016,308.7,,
ESTAT:DEMO_FABORTIND(1.0),21/03/25 11:00:00,Annual,Abortion ratio,Rate,Romania,2017,267.0,,
ESTAT:DEMO_FABORTIND(1.0),21/03/25 11:00:00,Annual,Abortion ratio,Rate,Romania,2018,258.0,,
ESTAT:DEMO_FABORTIND(1.0),21/03/25 11:00:00,Annual,Abortion ratio,Rate,Romania,2019,237.8,,
ESTAT:DEMO_FABORTIND(1.0),21/03/25 11:00:00,Annual,Abortion ratio,Rate,Romania,2020,160.8,,
ESTAT:DEMO_FABORTIND(1.0),21/03/25 11:00:00,Annual,Abortion ratio,Rate,Romania,2021,151.5,,
ESTAT:DEMO_FABORTIND(1.0),21/03/25 11:00:00,Annual,Abortion ratio,Rate,Romania,2022,160.8,,
ESTAT:DEMO_FABORTIND(1.0),21/03/25 11:00:00,Annual,Abortion ratio,Rate,Romania,2023,186.7,,
ESTAT:DEMO_FABORTIND(1.0),21/03/25 11:00:00,Annual,Abortion ratio,Rate,Serbia,2017,159.9,,
ESTAT:DEMO_FABORTIND(1.0),21/03/25 11:00:00,Annual,Abortion ratio,Rate,Serbia,2018,156.0,,
ESTAT:DEMO_FABORTIND(1.0),21/03/25 11:00:00,Annual,Abortion ratio,Rate,Serbia,2019,152.8,,
ESTAT:DEMO_FABORTIND(1.0),21/03/25 11:00:00,Annual,Abortion ratio,Rate,Serbia,2020,129.8,,
ESTAT:DEMO_FABORTIND(1.0),21/03/25 11:00:00,Annual,Abortion ratio,Rate,Serbia,2021,136.8,,
ESTAT:DEMO_FABORTIND(1.0),21/03/25 11:00:00,Annual,Abortion ratio,Rate,Serbia,2022,129.0,,
ESTAT:DEMO_FABORTIND(1.0),21/03/25 11:00:00,Annual,Abortion ratio,Rate,Russia,2013,534.0,,
ESTAT:DEMO_FABORTIND(1.0),21/03/25 11:00:00,Annual,Abortion ratio,Rate,Russia,2014,486.0,,
ESTAT:DEMO_FABORTIND(1.0),21/03/25 11:00:00,Annual,Abortion ratio,Rate,Slovenia,2013,190.0,,
ESTAT:DEMO_FABORTIND(1.0),21/03/25 11:00:00,Annual,Abortion ratio,Rate,Slovenia,2015,178.4,,
ESTAT:DEMO_FABORTIND(1.0),21/03/25 11:00:00,Annual,Abortion ratio,Rate,Slovenia,2016,183.6,,
ESTAT:DEMO_FABORTIND(1.0),21/03/25 11:00:00,Annual,Abortion ratio,Rate,Slovenia,2017,174.3,,
ESTAT:DEMO_FABORTIND(1.0),21/03/25 11:00:00,Annual,Abortion ratio,Rate,Slovenia,2018,177.4,,
ESTAT:DEMO_FABORTIND(1.0),21/03/25 11:00:00,Annual,Abortion ratio,Rate,Slovenia,2019,169.4,,
ESTAT:DEMO_FABORTIND(1.0),21/03/25 11:00:00,Annual,Abortion ratio,Rate,Slovenia,2020,156.9,,
ESTAT:DEMO_FABORTIND(1.0),21/03/25 11:00:00,Annual,Abortion ratio,Rate,Slovenia,2021,154.1,,
ESTAT:DEMO_FABORTIND(1.0),21/03/25 11:00:00,Annual,Abortion ratio,Rate,Slovenia,2022,170.0,,
ESTAT:DEMO_FABORTIND(1.0),21/03/25 11:00:00,Annual,Abortion ratio,Rate,Slovenia,2023,178.2,,
ESTAT:DEMO_FABORTIND(1.0),21/03/25 11:00:00,Annual,Abortion ratio,Rate,Slovakia,2013,202.6,,
ESTAT:DEMO_FABORTIND(1.0),21/03/25 11:00:00,Annual,Abortion ratio,Rate,Slovakia,2014,192.3,,
ESTAT:DEMO_FABORTIND(1.0),21/03/25 11:00:00,Annual,Abortion ratio,Rate,Slovakia,2015,180.9,,
ESTAT:DEMO_FABORTIND(1.0),21/03/25 11:00:00,Annual,Abortion ratio,Rate,Slovakia,2016,163.1,,
ESTAT:DEMO_FABORTIND(1.0),21/03/25 11:00:00,Annual,Abortion ratio,Rate,Slovakia,2017,156.7,,
ESTAT:DEMO_FABORTIND(1.0),21/03/25 11:00:00,Annual,Abortion ratio,Rate,Slovakia,2018,156.8,,
ESTAT:DEMO_FABORTIND(1.0),21/03/25 11:00:00,Annual,Abortion ratio,Rate,Slovakia,2019,117.1,,
ESTAT:DEMO_FABORTIND(1.0),21/03/25 11:00:00,Annual,Abortion ratio,Rate,Slovakia,2020,109.1,,
ESTAT:DEMO_FABORTIND(1.0),21/03/25 11:00:00,Annual,Abortion ratio,Rate,Slovakia,2022,111.9,,
ESTAT:DEMO_FABORTIND(1.0),21/03/25 11:00:00,Annual,Abortion ratio,Rate,Slovakia,2023,121.5,,
ESTAT:DEMO_FABORTIND(1.0),21/03/25 11:00:00,Annual,Abortion ratio,Rate,Ukraine,2014,249.2,,
ESTAT:DEMO_FABORTIND(1.0),21/03/25 11:00:00,Annual,Abortion ratio,Rate,Ukraine,2017,260.1,,
ESTAT:DEMO_FABORTIND(1.0),21/03/25 11:00:00,Annual,Abortion ratio,Rate,Ukraine,2018,258.1,,
ESTAT:DEMO_FABORTIND(1.0),21/03/25 11:00:00,Annual,Abortion ratio,Rate,Ukraine,2019,257.6,,
ESTAT:DEMO_FABORTIND(1.0),21/03/25 11:00:00,Annual,Abortion ratio,Rate,Ukraine,2020,221.1,,
ESTAT:DEMO_FABORTIND(1.0),21/03/25 11:00:00,Annual,Abortion ratio,Rate,Ukraine,2021,202.8,,
ESTAT:DEMO_FABORTIND(1.0),21/03/25 11:00:00,Annual,Abortion ratio,Rate,United Kingdom,2015,254.8,,
ESTAT:DEMO_FABORTIND(1.0),21/03/25 11:00:00,Annual,Abortion ratio,Rate,United Kingdom,2016,255.2,,
