DATAFLOW,LAST UPDATE,freq,indic_de,geo,TIME_PERIOD,OBS_VALUE,OBS_FLAG,CONF_STATUS
ESTAT:EQ_FER05(1.0),27/03/25 23:00:00,Annual,Live births - females,Andorra,2018,250,,
ESTAT:EQ_FER05(1.0),27/03/25 23:00:00,Annual,Live births - females,Albania,2013,17089,,
ESTAT:EQ_FER05(1.0),27/03/25 23:00:00,Annual,Live births - females,Albania,2014,17077,,
ESTAT:EQ_FER05(1.0),27/03/25 23:00:00,Annual,Live births - females,Albania,2015,15612,,
ESTAT:EQ_FER05(1.0),27/03/25 23:00:00,Annual,Live births - females,Albania,2016,15332,,
ESTAT:EQ_FER05(1.0),27/03/25 23:00:00,Annual,Live births - females,Albania,2017,14661,,
ESTAT:EQ_FER05(1.0),27/03/25 23:00:00,Annual,Live births - females,Albania,2018,13909,,
ESTAT:EQ_FER05(1.0),27/03/25 23:00:00,Annual,Live births - females,Albania,2019,13668,,
ESTAT:EQ_FER05(1.0),27/03/25 23:00:00,Annual,Live births - females,Albania,2020,13589,,
ESTAT:EQ_FER05(1.0),27/03/25 23:00:00,Annual,Live births - females,Albania,2022,11905,,
ESTAT:EQ_FER05(1.0),27/03/25 23:00:00,Annual,Live births - females,Albania,2023,11418,,
ESTAT:EQ_FER05(1.0),27/03/25 23:00:00,Annual,Live births - females,Armenia,2013,19638,,
ESTAT:EQ_FER05(1.0),27/03/25 23:00:00,Annual,Live births - females,Armenia,2014,20162,,
ESTAT:EQ_FER05(1.0),27/03/25 23:00:00,Annual,Live births - females,Armenia,2015,19630,,
ESTAT:EQ_FER05(1.0),27/03/25 23:00:00,Annual,Live births - females,Armenia,2016,19147,,
ESTAT:EQ_FER05(1.0),27/03/25 23:00:00,Annual,Live births - females,Armenia,2017,17969,,
ESTAT:EQ_FER05(1.0),27/03/25 23:00:00,Annual,Live births - females,Armenia,2018,17322,,
ESTAT:EQ_FER05(1.0),27/03/25 23:00:00,Annual,Live births - females,Armenia,2020,17299,,
ESTAT:EQ_FER05(1.0),27/03/25 23:00:00,Annual,Live births - females,Armenia,2022,17139,,
ESTAT:EQ_FER05(1.0),27/03/25 23:00:00,Annual,Live births - females,Austria,2013,38377,,
ESTAT:EQ_FER05(1.0),27/03/25 23:00:00,Annual,Live births - females,Austria,2014,39560,,
ESTAT:EQ_FER05(1.0),27/03/25 23:00:00,Annual,Live births - females,Austria,2015,40777,,
ESTAT:EQ_FER05(1.0),27/03/25 23:00:00,Annual,Live births - females,Austria,2016,42624,,
ESTAT:EQ_FER05(1.0),27/03/25 23:00:00,Annual,Live births - females,Austria,2017,42380,,
ESTAT:EQ_FER05(1.0),27/03/25 23:00:00,Annual,Live births - females,Austria,2018,41739,,
ESTAT:EQ_FER05(1.0),27/03/25 23:00:00,Annual,Live births - females,Austria,2019,41372,,
ESTAT:EQ_FER05(1.0),27/03/25 23:00:00,Annual,Live births - females,Austria,2020,40669,,
ESTAT:EQ_FER05(1.0),27/03/25 23:00:00,Annual,Live births - females,Austria,2021,41841,,
ESTAT:EQ_FER05(1.0),27/03/25 23:00:00,Annual,Live births - females,Austria,2022,40060,,
ESTAT:EQ_FER05(1.0),27/03/25 23:00:00,Annual,Live births - females,Austria,2023,37596,,
ESTAT:EQ_FER05(1.0),27/03/25 23:00:00,Annual,Live births - females,Azerbaijan,2013,80097,,
ESTAT:EQ_FER05(1.0),27/03/25 23:00:00,Annual,Live births - females,Azerbaijan,2014,79093,,
ESTAT:EQ_FER05(1.0),27/03/25 23:00:00,Annual,Live births - females,Azerbaijan,2015,77795,,
ESTAT:EQ_FER05(1.0),27/03/25 23:00:00,Annual,Live births - females,Azerbaijan,2016,74555,,
ESTAT:EQ_FER05(1.0),27/03/25 23:00:00,Annual,Live births - females,Azerbaijan,2017,67457,,
ESTAT:EQ_FER05(1.0),27/03/25 23:00:00,Annual,Live births - females,Azerbaijan,2018,64758,,
ESTAT:EQ_FER05(1.0),27/03/25 23:00:00,Annual,Live births - females,Azerbaijan,2019,66019,,
ESTAT:EQ_FER05(1.0),27/03/25 23:00:00,Annual,Live births - females,Azerbaijan,2020,59164,,
ESTAT:EQ_FER05(1.0),27/03/25 23:00:00,Annual,Live births - females,Belgium,2013,61235,,
ESTAT:EQ_FER05(1.0),27/03/25 23:00:00,Annual,Live births - females,Belgium,2014,60841,,
ESTAT:EQ_FER05(1.0),27/03/25 23:00:00,Annual,Live births - females,Belgium,2015,59713,,
ESTAT:EQ_FER05(1.0),27/03/25 23:00:00,Annual,Live births - females,Belgium,2016,59468,,
ESTAT:EQ_FER05(1.0),27/03/25 23:00:00,Annual,Live births - females,Belgium,2017,58511,,
ESTAT:EQ_FER05(1.0),27/03/25 23:00:00,Annual,Live births - females,Belgium,2018,57921,,
ESTAT:EQ_FER05(1.0),27/03/25 23:00:00,Annual,Live births - females,Belgium,2019,57783,,
ESTAT:EQ_FER05(1.0),27/03/25 23:00:00,Annual,Live births - females,Belgium,2020,55843,,
ESTAT:EQ_FER05(1.0),27/03/25 23:00:00,Annual,Live births - females,Belgium,2021,57840,,
ESTAT:EQ_FER05(1.0),27/03/25 23:00:00,Annual,Live births - females,Belgium,2022,55754,,
ESTAT:EQ_FER05(1.0),27/03/25 23:00:00,Annual,Live births - females,Belgium,2023,54310,,
ESTAT:EQ_FER05(1.0),27/03/25 23:00:00,Annual,Live births - females,Bulgaria,2013,32534,,
ESTAT:EQ_FER05(1.0),27/03/25 23:00:00,Annual,Live births - females,Bulgaria,2014,32850,,
ESTAT:EQ_FER05(1.0),27/03/25 23:00:00,Annual,Live births - females,Bulgaria,2015,31881,,
ESTAT:EQ_FER05(1.0),27/03/25 23:00:00,Annual,Live births - females,Bulgaria,2016,31609,,
ESTAT:EQ_FER05(1.0),27/03/25 23:00:00,Annual,Live births - females,Bulgaria,2017,31168,,
ESTAT:EQ_FER05(1.0),27/03/25 23:00:00,Annual,Live births - females,Bulgaria,2018,30053,,
ESTAT:EQ_FER05(1.0),27/03/25 23:00:00,Annual,Live births - females,Bulgaria,2019,30023,,
ESTAT:EQ_FER05(1.0),27/03/25 23:00:00,Annual,Live births - females,Bulgaria,2020,28714,,
ESTAT:EQ_FER05(1.0),27/03/25 23:00:00,Annual,Live births - females,Bulgaria,2021,28605,,
ESTAT:EQ_FER05(1.0),27/03/25 23:00:00,Annual,Live births - females,Bulgaria,2022,27673,,
ESTAT:EQ_FER05(1.0),27/03/25 23:00:00,Annual,Live births - females,Bulgaria,2023,27879,,
ESTAT:EQ_FER05(1.0),27/03/25 23:00:00,Annual,Live births - females,Belarus,2014,57258,,
ESTAT:EQ_FER05(1.0),27/03/25 23:00:00,Annual,Live births - females,Belarus,2015,57651,,
ESTAT:EQ_FER05(1.0),27/03/25 23:00:00,Annual,Live births - females,Belarus,2016,57132,,
ESTAT:EQ_FER05(1.0),27/03/25 23:00:00,Annual,Live births - females,Belarus,2017,49844,,
ESTAT:EQ_FER05(1.0),27/03/25 23:00:00,Annual,Live births - females,Belarus,2018,45802,,
ESTAT:EQ_FER05(1.0),27/03/25 23:00:00,Annual,Live births - females,Switzerland,2013,40136,,
ESTAT:EQ_FER05(1.0),27/03/25 23:00:00,Annual,Live births - females,Switzerland,2014,41437,,
ESTAT:EQ_FER05(1.0),27/03/25 23:00:00,Annual,Live births - females,Switzerland,2015,41910,,
ESTAT:EQ_FER05(1.0),27/03/25 23:00:00,Annual,Live births - females,Switzerland,2016,42951,,
ESTAT:EQ_FER05(1.0),27/03/25 23:00:00,Annual,Live births - females,Switzerland,2017,42508,,
ESTAT:EQ_FER05(1.0),27/03/25 23:00:00,Annual,Live births - females,Switzerland,2018,42838,,
ESTAT:EQ_FER05(1.0),27/03/25 23:00:00,Annual,Live births - females,Switzerland,2019,42049,,
ESTAT:EQ_FER05(1.0),27/03/25 23:00:00,Annual,Live births - females,Switzerland,2020,41615,,
ESTAT:EQ_FER05(1.0),27/03/25 23:00:00,Annual,Live births - females,Switzerland,2021,43716,,
ESTAT:EQ_FER05(1.0),27/03/25 23:00:00,Annual,Live births - females,Switzerland,2022,39907,,
ESTAT:EQ_FER05(1.0),27/03/25 23:00:00,Annual,Live births - females,Switzerland,2023,38976,,
ESTAT:EQ_FER05(1.0),27/03/25 23:00:00,Annual,Live births - females,Cyprus,2013,4605,,
ESTAT:EQ_FER05(1.0),27/03/25 23:00:00,Annual,Live births - females,Cyprus,2014,4391,,
ESTAT:EQ_FER05(1.0),27/03/25 23:00:00,Annual,Live births - females,Cyprus,2015,4346,,
ESTAT:EQ_FER05(1.0),27/03/25 23:00:00,Annual,Live births - females,Cyprus,2016,4568,,
ESTAT:EQ_FER05(1.0),27/03/25 23:00:00,Annual,Live births - females,Cyprus,2017,4464,,
ESTAT:EQ_FER05(1.0),27/03/25 23:00:00,Annual,Live births - females,Cyprus,2018,4558,,
ESTAT:EQ_FER05(1.0),27/03/25 23:00:00,Annual,Live births - females,Cyprus,2019,4698,,
ESTAT:EQ_FER05(1.0),27/03/25 23:00:00,Annual,Live births - females,Cyprus,2020,4740,,
ESTAT:EQ_FER05(1.0),27/03/25 23:00:00,Annual,Live births - females,Cyprus,2021,5039,,
ESTAT:EQ_FER05(1.0),27/03/25 23:00:00,Annual,Live births - females,Cyprus,2022,4904,,
ESTAT:EQ_FER05(1.0),27/03/25 23:00:00,Annual,Live births - females,Cyprus,2023,4958,,
ESTAT:EQ_FER05(1.0),27/03/25 23:00:00,Annual,Live births - females,Czechia,2013,52049,,
ESTAT:EQ_FER05(1.0),27/03/25 23:00:00,Annual,Live births - females,Czechia,2014,53450,,
ESTAT:EQ_FER05(1.0),27/03/25 23:00:00,Annual,Live births - females,Czechia,2015,53947,,
ESTAT:EQ_FER05(1.0),27/03/25 23:00:00,Annual,Live births - females,Czechia,2016,54826,,
ESTAT:EQ_FER05(1.0),27/03/25 23:00:00,Annual,Live births - females,Czechia,2017,55734,,
ESTAT:EQ_FER05(1.0),27/03/25 23:00:00,Annual,Live births - females,Czechia,2018,55780,,
ESTAT:EQ_FER05(1.0),27/03/25 23:00:00,Annual,Live births - females,Czechia,2019,54646,,
ESTAT:EQ_FER05(1.0),27/03/25 23:00:00,Annual,Live births - females,Czechia,2020,53924,,
ESTAT:EQ_FER05(1.0),27/03/25 23:00:00,Annual,Live births - females,Czechia,2021,54614,,
ESTAT:EQ_FER05(1.0),27/03/25 23:00:00,Annual,Live births - females,Czechia,2022,49312,,
ESTAT:EQ_FER05(1.0),27/03/25 23:00:00,Annual,Live births - females,Czechia,2023,44239,,
ESTAT:EQ_FER05(1.0),27/03/25 23:00:00,Annual,Live births - females,Germany,2013,332249,,
ESTAT:EQ_FER05(1.0),27/03/25 23:00:00,Annual,Live births - females,Germany,2014,348092,,
ESTAT:EQ_FER05(1.0),27/03/25 23:00:00,Annual,Live births - females,Germany,2015,359097,,
ESTAT:EQ_FER05(1.0),27/03/25 23:00:00,Annual,Live births - females,Germany,2016,386554,,
ESTAT:EQ_FER05(1.0),27/03/25 23:00:00,Annual,Live births - females,Germany,2017,382384,,
ESTAT:EQ_FER05(1.0),27/03/25 23:00:00,Annual,Live births - females,Germany,2018,383471,,
ESTAT:EQ_FER05(1.0),27/03/25 23:00:00,Annual,Live births - females,Germany,2019,378798,,
ESTAT:EQ_FER05(1.0),27/03/25 23:00:00,Annual,Live births - females,Germany,2020,375759,,
ESTAT:EQ_FER05(1.0),27/03/25 23:00:00,Annual,Live births - females,Germany,2021,387018,,
ESTAT:EQ_FER05(1.0),27/03/25 23:00:00,Annual,Live births - females,Germany,2022,359708,,
ESTAT:EQ_FER05(1.0),27/03/25 23:00:00,Annual,Live births - females,Germany,2023,337690,,
ESTAT:EQ_FER05(1.0),27/03/25 23:00:00,Annual,Live births - females,Denmark,2013,27283,,
ESTAT:EQ_FER05(1.0),27/03/25 23:00:00,Annual,Live births - females,Denmark,2014,27616,,
ESTAT:EQ_FER05(1.0),27/03/25 23:00:00,Annual,Live births - females,Denmark,2015,28357,,
ESTAT:EQ_FER05(1.0),27/03/25 23:00:00,Annual,Live births - females,Denmark,2016,29833,,
ESTAT:EQ_FER05(1.0),27/03/25 23:00:00,Annual,Live births - females,Denmark,2017,29930,,
ESTAT:EQ_FER05(1.0),27/03/25 23:00:00,Annual,Live births - females,Denmark,2018,29865,,
ESTAT:EQ_FER05(1.0),27/03/25 23:00:00,Annual,Live births - females,Denmark,2019,29648,,
ESTAT:EQ_FER05(1.0),27/03/25 23:00:00,Annual,Live births - females,Denmark,2020,29762,,
ESTAT:EQ_FER05(1.0),27/03/25 23:00:00,Annual,Live births - females,Denmark,2021,30901,,
ESTAT:EQ_FER05(1.0),27/03/25 23:00:00,Annual,Live births - females,Denmark,2022,28302,,
ESTAT:EQ_FER05(1.0),27/03/25 23:00:00,Annual,Live births - females,Denmark,2023,27915,,
ESTAT:EQ_FER05(1.0),27/03/25 23:00:00,Annual,Live births - females,Euro area - 19 countries  (2015-2022),2013,1593573,,
ESTAT:EQ_FER05(1.0),27/03/25 23:00:00,Annual,Live births - females,Euro area - 19 countries  (2015-2022),2014,1608006,,
ESTAT:EQ_FER05(1.0),27/03/25 23:00:00,Annual,Live births - females,Euro area - 19 countries  (2015-2022),2015,1595552,,
ESTAT:EQ_FER05(1.0),27/03/25 23:00:00,Annual,Live births - females,Euro area - 19 countries  (2015-2022),2016,1608242,,
ESTAT:EQ_FER05(1.0),27/03/25 23:00:00,Annual,Live births - females,Euro area - 19 countries  (2015-2022),2017,1571460,,
ESTAT:EQ_FER05(1.0),27/03/25 23:00:00,Annual,Live births - females,Euro area - 19 countries  (2015-2022),2018,1543348,,
ESTAT:EQ_FER05(1.0),27/03/25 23:00:00,Annual,Live births - females,Euro area - 19 countries  (2015-2022),2019,1517892,,
ESTAT:EQ_FER05(1.0),27/03/25 23:00:00,Annual,Live births - females,Euro area - 19 countries  (2015-2022),2020,1481891,,
ESTAT:EQ_FER05(1.0),27/03/25 23:00:00,Annual,Live births - females,Euro area - 19 countries  (2015-2022),2021,1503243,,
ESTAT:EQ_FER05(1.0),27/03/25 23:00:00,Annual,Live births - females,Euro area - 19 countries  (2015-2022),2022,1436897,,
ESTAT:EQ_FER05(1.0),27/03/25 23:00:00,Annual,Live births - females,Euro area - 19 countries  (2015-2022),2023,1370545,,
ESTAT:EQ_FER05(1.0),27/03/25 23:00:00,Annual,Live births - females,Euro area – 20 countries (from 2023),2013,1612781,,
ESTAT:EQ_FER05(1.0),27/03/25 23:00:00,Annual,Live births - females,Euro area – 20 countries (from 2023),2014,1627198,,
ESTAT:EQ_FER05(1.0),27/03/25 23:00:00,Annual,Live births - females,Euro area – 20 countries (from 2023),2015,1613676,,
ESTAT:EQ_FER05(1.0),27/03/25 23:00:00,Annual,Live births - females,Euro area – 20 countries (from 2023),2016,1626707,,
ESTAT:EQ_FER05(1.0),27/03/25 23:00:00,Annual,Live births - females,Euro area – 20 countries (from 2023),2017,1589171,,
ESTAT:EQ_FER05(1.0),27/03/25 23:00:00,Annual,Live births - females,Euro area – 20 countries (from 2023),2018,1561215,,
ESTAT:EQ_FER05(1.0),27/03/25 23:00:00,Annual,Live births - females,Euro area – 20 countries (from 2023),2019,1535549,,
ESTAT:EQ_FER05(1.0),27/03/25 23:00:00,Annual,Live births - females,Euro area – 20 countries (from 2023),2020,1499347,,
ESTAT:EQ_FER05(1.0),27/03/25 23:00:00,Annual,Live births - females,Euro area – 20 countries (from 2023),2021,1520783,,
ESTAT:EQ_FER05(1.0),27/03/25 23:00:00,Annual,Live births - females,Euro area – 20 countries (from 2023),2022,1453525,,
ESTAT:EQ_FER05(1.0),27/03/25 23:00:00,Annual,Live births - females,Euro area – 20 countries (from 2023),2023,1386360,,
ESTAT:EQ_FER05(1.0),27/03/25 23:00:00,Annual,Live births - females,Estonia,2013,6630,,
ESTAT:EQ_FER05(1.0),27/03/25 23:00:00,Annual,Live births - females,Estonia,2014,6630,,
ESTAT:EQ_FER05(1.0),27/03/25 23:00:00,Annual,Live births - females,Estonia,2015,6735,,
ESTAT:EQ_FER05(1.0),27/03/25 23:00:00,Annual,Live births - females,Estonia,2016,6688,,
ESTAT:EQ_FER05(1.0),27/03/25 23:00:00,Annual,Live births - females,Estonia,2017,6593,,
ESTAT:EQ_FER05(1.0),27/03/25 23:00:00,Annual,Live births - females,Estonia,2018,7022,,
ESTAT:EQ_FER05(1.0),27/03/25 23:00:00,Annual,Live births - females,Estonia,2019,6887,,
ESTAT:EQ_FER05(1.0),27/03/25 23:00:00,Annual,Live births - females,Estonia,2020,6473,,
ESTAT:EQ_FER05(1.0),27/03/25 23:00:00,Annual,Live births - females,Estonia,2021,6459,,
ESTAT:EQ_FER05(1.0),27/03/25 23:00:00,Annual,Live births - females,Estonia,2022,5632,,
ESTAT:EQ_FER05(1.0),27/03/25 23:00:00,Annual,Live births - females,Estonia,2023,5386,,
ESTAT:EQ_FER05(1.0),27/03/25 23:00:00,Annual,Live births - females,Greece,2013,45704,,
ESTAT:EQ_FER05(1.0),27/03/25 23:00:00,Annual,Live births - females,Greece,2014,44765,,
ESTAT:EQ_FER05(1.0),27/03/25 23:00:00,Annual,Live births - females,Greece,2015,44553,,
ESTAT:EQ_FER05(1.0),27/03/25 23:00:00,Annual,Live births - females,Greece,2016,45016,,
ESTAT:EQ_FER05(1.0),27/03/25 23:00:00,Annual,Live births - females,Greece,2017,42867,,
ESTAT:EQ_FER05(1.0),27/03/25 23:00:00,Annual,Live births - females,Greece,2018,41915,,
ESTAT:EQ_FER05(1.0),27/03/25 23:00:00,Annual,Live births - females,Greece,2019,40818,,
ESTAT:EQ_FER05(1.0),27/03/25 23:00:00,Annual,Live births - females,Greece,2020,41233,,
ESTAT:EQ_FER05(1.0),27/03/25 23:00:00,Annual,Live births - females,Greece,2021,41348,,
ESTAT:EQ_FER05(1.0),27/03/25 23:00:00,Annual,Live births - females,Greece,2022,36706,,
ESTAT:EQ_FER05(1.0),27/03/25 23:00:00,Annual,Live births - females,Greece,2023,34738,,
ESTAT:EQ_FER05(1.0),27/03/25 23:00:00,Annual,Live births - females,Spain,2013,206065,,
ESTAT:EQ_FER05(1.0),27/03/25 23:00:00,Annual,Live births - females,Spain,2014,206042,,
ESTAT:EQ_FER05(1.0),27/03/25 23:00:00,Annual,Live births - females,Spain,2015,202929,,
ESTAT:EQ_FER05(1.0),27/03/25 23:00:00,Annual,Live births - females,Spain,2016,198643,,
ESTAT:EQ_FER05(1.0),27/03/25 23:00:00,Annual,Live births - females,Spain,2017,189823,,
ESTAT:EQ_FER05(1.0),27/03/25 23:00:00,Annual,Live births - females,Spain,2018,180243,,
ESTAT:EQ_FER05(1.0),27/03/25 23:00:00,Annual,Live births - females,Spain,2019,174229,,
ESTAT:EQ_FER05(1.0),27/03/25 23:00:00,Annual,Live births - females,Spain,2020,166130,,
ESTAT:EQ_FER05(1.0),27/03/25 23:00:00,Annual,Live births - females,Spain,2021,162956,,
ESTAT:EQ_FER05(1.0),27/03/25 23:00:00,Annual,Live births - females,Spain,2022,159402,,
ESTAT:EQ_FER05(1.0),27/03/25 23:00:00,Annual,Live births - females,Spain,2023,155634,,
ESTAT:EQ_FER05(1.0),27/03/25 23:00:00,Annual,Live births - females,European Union - 27 countries (from 2020),2013,2094334,,
ESTAT:EQ_FER05(1.0),27/03/25 23:00:00,Annual,Live births - females,European Union - 27 countries (from 2020),2014,2121009,,
ESTAT:EQ_FER05(1.0),27/03/25 23:00:00,Annual,Live births - females,European Union - 27 countries (from 2020),2015,2105447,,
ESTAT:EQ_FER05(1.0),27/03/25 23:00:00,Annual,Live births - females,European Union - 27 countries (from 2020),2016,2132790,,
ESTAT:EQ_FER05(1.0),27/03/25 23:00:00,Annual,Live births - females,European Union - 27 countries (from 2020),2017,2106234,,
ESTAT:EQ_FER05(1.0),27/03/25 23:00:00,Annual,Live births - females,European Union - 27 countries (from 2020),2018,2065767,,
ESTAT:EQ_FER05(1.0),27/03/25 23:00:00,Annual,Live births - females,European Union - 27 countries (from 2020),2019,2030091,,
ESTAT:EQ_FER05(1.0),27/03/25 23:00:00,Annual,Live births - females,European Union - 27 countries (from 2020),2020,1981074,,
ESTAT:EQ_FER05(1.0),27/03/25 23:00:00,Annual,Live births - females,European Union - 27 countries (from 2020),2021,1991473,,
ESTAT:EQ_FER05(1.0),27/03/25 23:00:00,Annual,Live births - females,European Union - 27 countries (from 2020),2022,1888567,,
ESTAT:EQ_FER05(1.0),27/03/25 23:00:00,Annual,Live births - females,European Union - 27 countries (from 2020),2023,1788298,,
ESTAT:EQ_FER05(1.0),27/03/25 23:00:00,Annual,Live births - females,Finland,2013,28276,,
ESTAT:EQ_FER05(1.0),27/03/25 23:00:00,Annual,Live births - females,Finland,2014,27960,,
ESTAT:EQ_FER05(1.0),27/03/25 23:00:00,Annual,Live births - females,Finland,2015,27003,,
ESTAT:EQ_FER05(1.0),27/03/25 23:00:00,Annual,Live births - females,Finland,2016,26002,,
ESTAT:EQ_FER05(1.0),27/03/25 23:00:00,Annual,Live births - females,Finland,2017,24647,,
ESTAT:EQ_FER05(1.0),27/03/25 23:00:00,Annual,Live births - females,Finland,2018,22947,,
ESTAT:EQ_FER05(1.0),27/03/25 23:00:00,Annual,Live births - females,Finland,2019,22427,,
ESTAT:EQ_FER05(1.0),27/03/25 23:00:00,Annual,Live births - females,Finland,2020,22685,,
ESTAT:EQ_FER05(1.0),27/03/25 23:00:00,Annual,Live births - females,Finland,2021,24307,,
ESTAT:EQ_FER05(1.0),27/03/25 23:00:00,Annual,Live births - females,Finland,2022,21991,,
ESTAT:EQ_FER05(1.0),27/03/25 23:00:00,Annual,Live births - females,Finland,2023,21110,,
ESTAT:EQ_FER05(1.0),27/03/25 23:00:00,Annual,Live births - females,France,2013,396581,,
ESTAT:EQ_FER05(1.0),27/03/25 23:00:00,Annual,Live births - females,France,2014,400607,,
ESTAT:EQ_FER05(1.0),27/03/25 23:00:00,Annual,Live births - females,France,2015,390526,,
ESTAT:EQ_FER05(1.0),27/03/25 23:00:00,Annual,Live births - females,France,2016,382937,,
ESTAT:EQ_FER05(1.0),27/03/25 23:00:00,Annual,Live births - females,France,2017,375987,,
ESTAT:EQ_FER05(1.0),27/03/25 23:00:00,Annual,Live births - females,France,2018,370255,,
ESTAT:EQ_FER05(1.0),27/03/25 23:00:00,Annual,Live births - females,France,2019,368668,,
ESTAT:EQ_FER05(1.0),27/03/25 23:00:00,Annual,Live births - females,France,2020,359588,,
ESTAT:EQ_FER05(1.0),27/03/25 23:00:00,Annual,Live births - females,France,2021,363068,,
ESTAT:EQ_FER05(1.0),27/03/25 23:00:00,Annual,Live births - females,France,2022,354962,,
ESTAT:EQ_FER05(1.0),27/03/25 23:00:00,Annual,Live births - females,France,2023,331344,,
ESTAT:EQ_FER05(1.0),27/03/25 23:00:00,Annual,Live births - females,Georgia,2013,27851,,
ESTAT:EQ_FER05(1.0),27/03/25 23:00:00,Annual,Live births - females,Georgia,2016,27682,,
ESTAT:EQ_FER05(1.0),27/03/25 23:00:00,Annual,Live births - females,Georgia,2017,25635,,
ESTAT:EQ_FER05(1.0),27/03/25 23:00:00,Annual,Live births - females,Georgia,2018,24600,,
ESTAT:EQ_FER05(1.0),27/03/25 23:00:00,Annual,Live births - females,Georgia,2019,23267,,
ESTAT:EQ_FER05(1.0),27/03/25 23:00:00,Annual,Live births - females,Georgia,2020,22231,,
ESTAT:EQ_FER05(1.0),27/03/25 23:00:00,Annual,Live births - females,Georgia,2022,20422,,
ESTAT:EQ_FER05(1.0),27/03/25 23:00:00,Annual,Live births - females,Georgia,2023,19204,,
ESTAT:EQ_FER05(1.0),27/03/25 23:00:00,Annual,Live births - females,Croatia,2013,19208,,
ESTAT:EQ_FER05(1.0),27/03/25 23:00:00,Annual,Live births - females,Croatia,2014,19192,,
ESTAT:EQ_FER05(1.0),27/03/25 23:00:00,Annual,Live births - females,Croatia,2015,18124,,
ESTAT:EQ_FER05(1.0),27/03/25 23:00:00,Annual,Live births - females,Croatia,2016,18465,,
ESTAT:EQ_FER05(1.0),27/03/25 23:00:00,Annual,Live births - females,Croatia,2017,17711,,
ESTAT:EQ_FER05(1.0),27/03/25 23:00:00,Annual,Live births - females,Croatia,2018,17867,,
ESTAT:EQ_FER05(1.0),27/03/25 23:00:00,Annual,Live births - females,Croatia,2019,17657,,
ESTAT:EQ_FER05(1.0),27/03/25 23:00:00,Annual,Live births - females,Croatia,2020,17456,,
ESTAT:EQ_FER05(1.0),27/03/25 23:00:00,Annual,Live births - females,Croatia,2021,17540,,
ESTAT:EQ_FER05(1.0),27/03/25 23:00:00,Annual,Live births - females,Croatia,2022,16628,,
ESTAT:EQ_FER05(1.0),27/03/25 23:00:00,Annual,Live births - females,Croatia,2023,15815,,
ESTAT:EQ_FER05(1.0),27/03/25 23:00:00,Annual,Live births - females,Hungary,2013,43529,,
ESTAT:EQ_FER05(1.0),27/03/25 23:00:00,Annual,Live births - females,Hungary,2014,45445,,
ESTAT:EQ_FER05(1.0),27/03/25 23:00:00,Annual,Live births - females,Hungary,2015,44785,,
ESTAT:EQ_FER05(1.0),27/03/25 23:00:00,Annual,Live births - females,Hungary,2016,46402,,
ESTAT:EQ_FER05(1.0),27/03/25 23:00:00,Annual,Live births - females,Hungary,2017,46055,,
ESTAT:EQ_FER05(1.0),27/03/25 23:00:00,Annual,Live births - females,Hungary,2018,45459,,
ESTAT:EQ_FER05(1.0),27/03/25 23:00:00,Annual,Live births - females,Hungary,2019,45116,,
ESTAT:EQ_FER05(1.0),27/03/25 23:00:00,Annual,Live births - females,Hungary,2020,45534,,
ESTAT:EQ_FER05(1.0),27/03/25 23:00:00,Annual,Live births - females,Hungary,2021,45520,,
ESTAT:EQ_FER05(1.0),27/03/25 23:00:00,Annual,Live births - females,Hungary,2022,43592,,
ESTAT:EQ_FER05(1.0),27/03/25 23:00:00,Annual,Live births - females,Hungary,2023,42590,,
ESTAT:EQ_FER05(1.0),27/03/25 23:00:00,Annual,Live births - females,Ireland,2013,33614,,
ESTAT:EQ_FER05(1.0),27/03/25 23:00:00,Annual,Live births - females,Ireland,2014,32614,,
ESTAT:EQ_FER05(1.0),27/03/25 23:00:00,Annual,Live births - females,Ireland,2015,32056,,
ESTAT:EQ_FER05(1.0),27/03/25 23:00:00,Annual,Live births - females,Ireland,2016,31132,,
ESTAT:EQ_FER05(1.0),27/03/25 23:00:00,Annual,Live births - females,Ireland,2017,30045,,
ESTAT:EQ_FER05(1.0),27/03/25 23:00:00,Annual,Live births - females,Ireland,2018,29716,,
ESTAT:EQ_FER05(1.0),27/03/25 23:00:00,Annual,Live births - females,Ireland,2019,29019,,
ESTAT:EQ_FER05(1.0),27/03/25 23:00:00,Annual,Live births - females,Ireland,2020,27057,,
ESTAT:EQ_FER05(1.0),27/03/25 23:00:00,Annual,Live births - females,Ireland,2021,29584,,
ESTAT:EQ_FER05(1.0),27/03/25 23:00:00,Annual,Live births - females,Ireland,2022,26576,,
ESTAT:EQ_FER05(1.0),27/03/25 23:00:00,Annual,Live births - females,Ireland,2023,26611,,
ESTAT:EQ_FER05(1.0),27/03/25 23:00:00,Annual,Live births - females,Iceland,2013,2197,,
ESTAT:EQ_FER05(1.0),27/03/25 23:00:00,Annual,Live births - females,Iceland,2014,2142,,
ESTAT:EQ_FER05(1.0),27/03/25 23:00:00,Annual,Live births - females,Iceland,2015,2010,,
ESTAT:EQ_FER05(1.0),27/03/25 23:00:00,Annual,Live births - females,Iceland,2016,1992,,
ESTAT:EQ_FER05(1.0),27/03/25 23:00:00,Annual,Live births - females,Iceland,2017,1959,,
ESTAT:EQ_FER05(1.0),27/03/25 23:00:00,Annual,Live births - females,Iceland,2018,1986,,
ESTAT:EQ_FER05(1.0),27/03/25 23:00:00,Annual,Live births - females,Iceland,2019,2185,,
ESTAT:EQ_FER05(1.0),27/03/25 23:00:00,Annual,Live births - females,Iceland,2020,2127,,
ESTAT:EQ_FER05(1.0),27/03/25 23:00:00,Annual,Live births - females,Iceland,2021,2303,,
ESTAT:EQ_FER05(1.0),27/03/25 23:00:00,Annual,Live births - females,Iceland,2022,2090,,
ESTAT:EQ_FER05(1.0),27/03/25 23:00:00,Annual,Live births - females,Iceland,2023,2058,,
ESTAT:EQ_FER05(1.0),27/03/25 23:00:00,Annual,Live births - females,Italy,2013,250048,,
ESTAT:EQ_FER05(1.0),27/03/25 23:00:00,Annual,Live births - females,Italy,2014,244054,,
ESTAT:EQ_FER05(1.0),27/03/25 23:00:00,Annual,Live births - females,Italy,2015,235830,,
ESTAT:EQ_FER05(1.0),27/03/25 23:00:00,Annual,Live births - females,Italy,2016,230358,,
ESTAT:EQ_FER05(1.0),27/03/25 23:00:00,Annual,Live births - females,Italy,2017,222418,,
ESTAT:EQ_FER05(1.0),27/03/25 23:00:00,Annual,Live births - females,Italy,2018,213530,,
ESTAT:EQ_FER05(1.0),27/03/25 23:00:00,Annual,Live births - females,Italy,2019,204697,,
ESTAT:EQ_FER05(1.0),27/03/25 23:00:00,Annual,Live births - females,Italy,2020,196461,,
ESTAT:EQ_FER05(1.0),27/03/25 23:00:00,Annual,Live births - females,Italy,2021,195060,,
ESTAT:EQ_FER05(1.0),27/03/25 23:00:00,Annual,Live births - females,Italy,2022,190493,,
ESTAT:EQ_FER05(1.0),27/03/25 23:00:00,Annual,Live births - females,Italy,2023,184514,,
ESTAT:EQ_FER05(1.0),27/03/25 23:00:00,Annual,Live births - females,Liechtenstein,2013,160,,
ESTAT:EQ_FER05(1.0),27/03/25 23:00:00,Annual,Live births - females,Liechtenstein,2014,164,,
ESTAT:EQ_FER05(1.0),27/03/25 23:00:00,Annual,Live births - females,Liechtenstein,2015,148,,
ESTAT:EQ_FER05(1.0),27/03/25 23:00:00,Annual,Live births - females,Liechtenstein,2016,186,,
ESTAT:EQ_FER05(1.0),27/03/25 23:00:00,Annual,Live births - females,Liechtenstein,2017,162,,
ESTAT:EQ_FER05(1.0),27/03/25 23:00:00,Annual,Live births - females,Liechtenstein,2018,186,,
ESTAT:EQ_FER05(1.0),27/03/25 23:00:00,Annual,Live births - females,Liechtenstein,2019,174,,
ESTAT:EQ_FER05(1.0),27/03/25 23:00:00,Annual,Live births - females,Liechtenstein,2020,188,,
ESTAT:EQ_FER05(1.0),27/03/25 23:00:00,Annual,Live births - females,Liechtenstein,2021,181,,
ESTAT:EQ_FER05(1.0),27/03/25 23:00:00,Annual,Live births - females,Liechtenstein,2022,176,,
ESTAT:EQ_FER05(1.0),27/03/25 23:00:00,Annual,Live births - females,Liechtenstein,2023,182,,
ESTAT:EQ_FER05(1.0),27/03/25 23:00:00,Annual,Live births - females,Lithuania,2013,14129,,
ESTAT:EQ_FER05(1.0),27/03/25 23:00:00,Annual,Live births - females,Lithuania,2014,14254,,
ESTAT:EQ_FER05(1.0),27/03/25 23:00:00,Annual,Live births - females,Lithuania,2015,14519,,
ESTAT:EQ_FER05(1.0),27/03/25 23:00:00,Annual,Live births - females,Lithuania,2016,14258,,
ESTAT:EQ_FER05(1.0),27/03/25 23:00:00,Annual,Live births - females,Lithuania,2017,13490,,
ESTAT:EQ_FER05(1.0),27/03/25 23:00:00,Annual,Live births - females,Lithuania,2018,13043,,
ESTAT:EQ_FER05(1.0),27/03/25 23:00:00,Annual,Live births - females,Lithuania,2019,12037,,
ESTAT:EQ_FER05(1.0),27/03/25 23:00:00,Annual,Live births - females,Lithuania,2020,11384,,
ESTAT:EQ_FER05(1.0),27/03/25 23:00:00,Annual,Live births - females,Lithuania,2021,11439,,
ESTAT:EQ_FER05(1.0),27/03/25 23:00:00,Annual,Live births - females,Lithuania,2022,10870,,
ESTAT:EQ_FER05(1.0),27/03/25 23:00:00,Annual,Live births - females,Lithuania,2023,10126,,
ESTAT:EQ_FER05(1.0),27/03/25 23:00:00,Annual,Live births - females,Luxembourg,2013,2986,,
ESTAT:EQ_FER05(1.0),27/03/25 23:00:00,Annual,Live births - females,Luxembourg,2014,2931,,
ESTAT:EQ_FER05(1.0),27/03/25 23:00:00,Annual,Live births - females,Luxembourg,2015,2947,,
ESTAT:EQ_FER05(1.0),27/03/25 23:00:00,Annual,Live births - females,Luxembourg,2016,2973,,
ESTAT:EQ_FER05(1.0),27/03/25 23:00:00,Annual,Live births - females,Luxembourg,2017,3003,,
ESTAT:EQ_FER05(1.0),27/03/25 23:00:00,Annual,Live births - females,Luxembourg,2018,3078,,
ESTAT:EQ_FER05(1.0),27/03/25 23:00:00,Annual,Live births - females,Luxembourg,2019,3123,,
ESTAT:EQ_FER05(1.0),27/03/25 23:00:00,Annual,Live births - females,Luxembourg,2020,3163,,
ESTAT:EQ_FER05(1.0),27/03/25 23:00:00,Annual,Live births - females,Luxembourg,2021,3273,,
ESTAT:EQ_FER05(1.0),27/03/25 23:00:00,Annual,Live births - females,Luxembourg,2022,3196,,
ESTAT:EQ_FER05(1.0),27/03/25 23:00:00,Annual,Live births - females,Luxembourg,2023,3089,,
ESTAT:EQ_FER05(1.0),27/03/25 23:00:00,Annual,Live births - females,Latvia,2013,10138,,
ESTAT:EQ_FER05(1.0),27/03/25 23:00:00,Annual,Live births - females,Latvia,2014,10516,,
ESTAT:EQ_FER05(1.0),27/03/25 23:00:00,Annual,Live births - females,Latvia,2015,10537,,
ESTAT:EQ_FER05(1.0),27/03/25 23:00:00,Annual,Live births - females,Latvia,2016,10583,,
ESTAT:EQ_FER05(1.0),27/03/25 23:00:00,Annual,Live births - females,Latvia,2017,10031,,
ESTAT:EQ_FER05(1.0),27/03/25 23:00:00,Annual,Live births - females,Latvia,2018,9319,,
ESTAT:EQ_FER05(1.0),27/03/25 23:00:00,Annual,Live births - females,Latvia,2019,9157,,
ESTAT:EQ_FER05(1.0),27/03/25 23:00:00,Annual,Live births - females,Latvia,2020,8516,,
ESTAT:EQ_FER05(1.0),27/03/25 23:00:00,Annual,Live births - females,Latvia,2021,8451,,
ESTAT:EQ_FER05(1.0),27/03/25 23:00:00,Annual,Live births - females,Latvia,2022,7800,,
ESTAT:EQ_FER05(1.0),27/03/25 23:00:00,Annual,Live births - females,Latvia,2023,7066,,
ESTAT:EQ_FER05(1.0),27/03/25 23:00:00,Annual,Live births - females,Moldova,2014,18679,,
ESTAT:EQ_FER05(1.0),27/03/25 23:00:00,Annual,Live births - females,Moldova,2016,18090,,
ESTAT:EQ_FER05(1.0),27/03/25 23:00:00,Annual,Live births - females,Moldova,2020,14619,,
ESTAT:EQ_FER05(1.0),27/03/25 23:00:00,Annual,Live births - females,Moldova,2022,13042,p,
ESTAT:EQ_FER05(1.0),27/03/25 23:00:00,Annual,Live births - females,Moldova,2023,11829,,
ESTAT:EQ_FER05(1.0),27/03/25 23:00:00,Annual,Live births - females,Montenegro,2013,3598,,
ESTAT:EQ_FER05(1.0),27/03/25 23:00:00,Annual,Live births - females,Montenegro,2014,3582,,
ESTAT:EQ_FER05(1.0),27/03/25 23:00:00,Annual,Live births - females,Montenegro,2015,3518,,
ESTAT:EQ_FER05(1.0),27/03/25 23:00:00,Annual,Live births - females,Montenegro,2016,3719,,
ESTAT:EQ_FER05(1.0),27/03/25 23:00:00,Annual,Live births - females,Montenegro,2017,3559,,
ESTAT:EQ_FER05(1.0),27/03/25 23:00:00,Annual,Live births - females,Montenegro,2018,3493,,
ESTAT:EQ_FER05(1.0),27/03/25 23:00:00,Annual,Live births - females,Montenegro,2019,3446,,
ESTAT:EQ_FER05(1.0),27/03/25 23:00:00,Annual,Live births - females,Montenegro,2020,3423,,
ESTAT:EQ_FER05(1.0),27/03/25 23:00:00,Annual,Live births - females,Montenegro,2021,3385,,
ESTAT:EQ_FER05(1.0),27/03/25 23:00:00,Annual,Live births - females,Montenegro,2022,3400,,
ESTAT:EQ_FER05(1.0),27/03/25 23:00:00,Annual,Live births - females,Montenegro,2023,3455,,
ESTAT:EQ_FER05(1.0),27/03/25 23:00:00,Annual,Live births - females,North Macedonia,2013,11045,,
ESTAT:EQ_FER05(1.0),27/03/25 23:00:00,Annual,Live births - females,North Macedonia,2014,11424,,
ESTAT:EQ_FER05(1.0),27/03/25 23:00:00,Annual,Live births - females,North Macedonia,2015,11116,,
ESTAT:EQ_FER05(1.0),27/03/25 23:00:00,Annual,Live births - females,North Macedonia,2016,11134,,
ESTAT:EQ_FER05(1.0),27/03/25 23:00:00,Annual,Live births - females,North Macedonia,2017,10594,,
ESTAT:EQ_FER05(1.0),27/03/25 23:00:00,Annual,Live births - females,North Macedonia,2018,10160,,
ESTAT:EQ_FER05(1.0),27/03/25 23:00:00,Annual,Live births - females,North Macedonia,2019,9569,,
ESTAT:EQ_FER05(1.0),27/03/25 23:00:00,Annual,Live births - females,North Macedonia,2020,9235,,
ESTAT:EQ_FER05(1.0),27/03/25 23:00:00,Annual,Live births - females,North Macedonia,2021,9117,,
ESTAT:EQ_FER05(1.0),27/03/25 23:00:00,Annual,Live births - females,North Macedonia,2022,8814,,
ESTAT:EQ_FER05(1.0),27/03/25 23:00:00,Annual,Live births - females,North Macedonia,2023,8220,,
ESTAT:EQ_FER05(1.0),27/03/25 23:00:00,Annual,Live births - females,Malta,2013,1923,,
ESTAT:EQ_FER05(1.0),27/03/25 23:00:00,Annual,Live births - females,Malta,2014,1968,,
ESTAT:EQ_FER05(1.0),27/03/25 23:00:00,Annual,Live births - females,Malta,2015,2117,,
ESTAT:EQ_FER05(1.0),27/03/25 23:00:00,Annual,Live births - females,Malta,2016,2111,,
ESTAT:EQ_FER05(1.0),27/03/25 23:00:00,Annual,Live births - females,Malta,2017,2104,,
ESTAT:EQ_FER05(1.0),27/03/25 23:00:00,Annual,Live births - females,Malta,2018,2166,,
ESTAT:EQ_FER05(1.0),27/03/25 23:00:00,Annual,Live births - females,Malta,2019,2090,,
ESTAT:EQ_FER05(1.0),27/03/25 23:00:00,Annual,Live births - females,Malta,2020,2131,,
ESTAT:EQ_FER05(1.0),27/03/25 23:00:00,Annual,Live births - females,Malta,2021,2150,,
ESTAT:EQ_FER05(1.0),27/03/25 23:00:00,Annual,Live births - females,Malta,2022,2118,,
ESTAT:EQ_FER05(1.0),27/03/25 23:00:00,Annual,Live births - females,Malta,2023,2183,,
ESTAT:EQ_FER05(1.0),27/03/25 23:00:00,Annual,Live births - females,Netherlands,2013,83384,,
ESTAT:EQ_FER05(1.0),27/03/25 23:00:00,Annual,Live births - females,Netherlands,2014,85671,,
ESTAT:EQ_FER05(1.0),27/03/25 23:00:00,Annual,Live births - females,Netherlands,2015,83083,,
ESTAT:EQ_FER05(1.0),27/03/25 23:00:00,Annual,Live births - females,Netherlands,2016,83933,,
ESTAT:EQ_FER05(1.0),27/03/25 23:00:00,Annual,Live births - females,Netherlands,2017,82677,,
ESTAT:EQ_FER05(1.0),27/03/25 23:00:00,Annual,Live births - females,Netherlands,2018,82321,,
ESTAT:EQ_FER05(1.0),27/03/25 23:00:00,Annual,Live births - females,Netherlands,2019,82787,,
ESTAT:EQ_FER05(1.0),27/03/25 23:00:00,Annual,Live births - females,Netherlands,2020,82184,,
ESTAT:EQ_FER05(1.0),27/03/25 23:00:00,Annual,Live births - females,Netherlands,2021,87624,,
ESTAT:EQ_FER05(1.0),27/03/25 23:00:00,Annual,Live births - females,Netherlands,2022,81780,,
ESTAT:EQ_FER05(1.0),27/03/25 23:00:00,Annual,Live births - females,Netherlands,2023,80215,,
ESTAT:EQ_FER05(1.0),27/03/25 23:00:00,Annual,Live births - females,Norway,2013,28794,,
ESTAT:EQ_FER05(1.0),27/03/25 23:00:00,Annual,Live births - females,Norway,2014,28653,,
ESTAT:EQ_FER05(1.0),27/03/25 23:00:00,Annual,Live births - females,Norway,2015,28573,,
ESTAT:EQ_FER05(1.0),27/03/25 23:00:00,Annual,Live births - females,Norway,2016,28504,,
ESTAT:EQ_FER05(1.0),27/03/25 23:00:00,Annual,Live births - females,Norway,2017,27460,,
ESTAT:EQ_FER05(1.0),27/03/25 23:00:00,Annual,Live births - females,Norway,2018,26690,,
ESTAT:EQ_FER05(1.0),27/03/25 23:00:00,Annual,Live births - females,Norway,2019,26453,,
ESTAT:EQ_FER05(1.0),27/03/25 23:00:00,Annual,Live births - females,Norway,2020,25916,,
ESTAT:EQ_FER05(1.0),27/03/25 23:00:00,Annual,Live births - females,Norway,2021,27376,,
ESTAT:EQ_FER05(1.0),27/03/25 23:00:00,Annual,Live births - females,Norway,2022,25035,,
ESTAT:EQ_FER05(1.0),27/03/25 23:00:00,Annual,Live births - females,Norway,2023,25416,,
ESTAT:EQ_FER05(1.0),27/03/25 23:00:00,Annual,Live births - females,Poland,2013,179659,,
ESTAT:EQ_FER05(1.0),27/03/25 23:00:00,Annual,Live births - females,Poland,2014,182069,,
ESTAT:EQ_FER05(1.0),27/03/25 23:00:00,Annual,Live births - females,Poland,2015,179631,,
ESTAT:EQ_FER05(1.0),27/03/25 23:00:00,Annual,Live births - females,Poland,2016,186036,,
ESTAT:EQ_FER05(1.0),27/03/25 23:00:00,Annual,Live births - females,Poland,2017,195572,,
ESTAT:EQ_FER05(1.0),27/03/25 23:00:00,Annual,Live births - females,Poland,2018,188358,,
ESTAT:EQ_FER05(1.0),27/03/25 23:00:00,Annual,Live births - females,Poland,2019,182269,,
ESTAT:EQ_FER05(1.0),27/03/25 23:00:00,Annual,Live births - females,Poland,2020,173009,,
ESTAT:EQ_FER05(1.0),27/03/25 23:00:00,Annual,Live births - females,Poland,2021,161375,,
ESTAT:EQ_FER05(1.0),27/03/25 23:00:00,Annual,Live births - females,Poland,2022,148687,,
ESTAT:EQ_FER05(1.0),27/03/25 23:00:00,Annual,Live births - females,Poland,2023,133005,,
ESTAT:EQ_FER05(1.0),27/03/25 23:00:00,Annual,Live births - females,Portugal,2013,40567,,
ESTAT:EQ_FER05(1.0),27/03/25 23:00:00,Annual,Live births - females,Portugal,2014,39940,,
ESTAT:EQ_FER05(1.0),27/03/25 23:00:00,Annual,Live births - females,Portugal,2015,41815,,
ESTAT:EQ_FER05(1.0),27/03/25 23:00:00,Annual,Live births - females,Portugal,2016,42337,,
ESTAT:EQ_FER05(1.0),27/03/25 23:00:00,Annual,Live births - females,Portugal,2017,42082,,
ESTAT:EQ_FER05(1.0),27/03/25 23:00:00,Annual,Live births - females,Portugal,2018,42711,,
ESTAT:EQ_FER05(1.0),27/03/25 23:00:00,Annual,Live births - females,Portugal,2019,42040,,
ESTAT:EQ_FER05(1.0),27/03/25 23:00:00,Annual,Live births - females,Portugal,2020,41079,,
ESTAT:EQ_FER05(1.0),27/03/25 23:00:00,Annual,Live births - females,Portugal,2021,38820,,
ESTAT:EQ_FER05(1.0),27/03/25 23:00:00,Annual,Live births - females,Portugal,2022,40746,,
ESTAT:EQ_FER05(1.0),27/03/25 23:00:00,Annual,Live births - females,Portugal,2023,41951,,
ESTAT:EQ_FER05(1.0),27/03/25 23:00:00,Annual,Live births - females,Romania,2013,91378,,
ESTAT:EQ_FER05(1.0),27/03/25 23:00:00,Annual,Live births - females,Romania,2014,96572,,
ESTAT:EQ_FER05(1.0),27/03/25 23:00:00,Annual,Live births - females,Romania,2015,97802,,
ESTAT:EQ_FER05(1.0),27/03/25 23:00:00,Annual,Live births - females,Romania,2016,100151,,
ESTAT:EQ_FER05(1.0),27/03/25 23:00:00,Annual,Live births - females,Romania,2017,102444,,
ESTAT:EQ_FER05(1.0),27/03/25 23:00:00,Annual,Live births - females,Romania,2018,98739,,
ESTAT:EQ_FER05(1.0),27/03/25 23:00:00,Annual,Live births - females,Romania,2019,97319,,
ESTAT:EQ_FER05(1.0),27/03/25 23:00:00,Annual,Live births - females,Romania,2020,95962,,
ESTAT:EQ_FER05(1.0),27/03/25 23:00:00,Annual,Live births - females,Romania,2021,93897,,
ESTAT:EQ_FER05(1.0),27/03/25 23:00:00,Annual,Live births - females,Romania,2022,86618,,
ESTAT:EQ_FER05(1.0),27/03/25 23:00:00,Annual,Live births - females,Romania,2023,77508,,
ESTAT:EQ_FER05(1.0),27/03/25 23:00:00,Annual,Live births - females,Serbia,2013,31844,,
ESTAT:EQ_FER05(1.0),27/03/25 23:00:00,Annual,Live births - females,Serbia,2014,32132,,
ESTAT:EQ_FER05(1.0),27/03/25 23:00:00,Annual,Live births - females,Serbia,2015,31653,,
ESTAT:EQ_FER05(1.0),27/03/25 23:00:00,Annual,Live births - females,Serbia,2016,31257,,
ESTAT:EQ_FER05(1.0),27/03/25 23:00:00,Annual,Live births - females,Serbia,2017,31573,,
ESTAT:EQ_FER05(1.0),27/03/25 23:00:00,Annual,Live births - females,Serbia,2018,30767,,
ESTAT:EQ_FER05(1.0),27/03/25 23:00:00,Annual,Live births - females,Serbia,2019,31262,,
ESTAT:EQ_FER05(1.0),27/03/25 23:00:00,Annual,Live births - females,Serbia,2020,29909,,
ESTAT:EQ_FER05(1.0),27/03/25 23:00:00,Annual,Live births - females,Serbia,2021,30209,,
ESTAT:EQ_FER05(1.0),27/03/25 23:00:00,Annual,Live births - females,Serbia,2022,30434,,
ESTAT:EQ_FER05(1.0),27/03/25 23:00:00,Annual,Live births - females,Serbia,2023,29711,,
ESTAT:EQ_FER05(1.0),27/03/25 23:00:00,Annual,Live births - females,Russia,2013,921519,,
ESTAT:EQ_FER05(1.0),27/03/25 23:00:00,Annual,Live births - females,Russia,2014,928920,,
ESTAT:EQ_FER05(1.0),27/03/25 23:00:00,Annual,Live births - females,Sweden,2013,55121,,
ESTAT:EQ_FER05(1.0),27/03/25 23:00:00,Annual,Live births - females,Sweden,2014,55809,,
ESTAT:EQ_FER05(1.0),27/03/25 23:00:00,Annual,Live births - females,Sweden,2015,55368,,
ESTAT:EQ_FER05(1.0),27/03/25 23:00:00,Annual,Live births - females,Sweden,2016,57226,,
ESTAT:EQ_FER05(1.0),27/03/25 23:00:00,Annual,Live births - females,Sweden,2017,56160,,
ESTAT:EQ_FER05(1.0),27/03/25 23:00:00,Annual,Live births - females,Sweden,2018,56298,,
ESTAT:EQ_FER05(1.0),27/03/25 23:00:00,Annual,Live births - females,Sweden,2019,55521,,
ESTAT:EQ_FER05(1.0),27/03/25 23:00:00,Annual,Live births - females,Sweden,2020,54822,,
ESTAT:EQ_FER05(1.0),27/03/25 23:00:00,Annual,Live births - females,Sweden,2021,55778,,
ESTAT:EQ_FER05(1.0),27/03/25 23:00:00,Annual,Live births - females,Sweden,2022,50858,,
ESTAT:EQ_FER05(1.0),27/03/25 23:00:00,Annual,Live births - females,Sweden,2023,48802,,
ESTAT:EQ_FER05(1.0),27/03/25 23:00:00,Annual,Live births - females,Slovenia,2013,10307,,
ESTAT:EQ_FER05(1.0),27/03/25 23:00:00,Annual,Live births - females,Slovenia,2014,10237,,
ESTAT:EQ_FER05(1.0),27/03/25 23:00:00,Annual,Live births - females,Slovenia,2015,10035,,
ESTAT:EQ_FER05(1.0),27/03/25 23:00:00,Annual,Live births - females,Slovenia,2016,9979,,
ESTAT:EQ_FER05(1.0),27/03/25 23:00:00,Annual,Live births - females,Slovenia,2017,9758,,
ESTAT:EQ_FER05(1.0),27/03/25 23:00:00,Annual,Live births - females,Slovenia,2018,9428,,
ESTAT:EQ_FER05(1.0),27/03/25 23:00:00,Annual,Live births - females,Slovenia,2019,9351,,
ESTAT:EQ_FER05(1.0),27/03/25 23:00:00,Annual,Live births - females,Slovenia,2020,9074,,
ESTAT:EQ_FER05(1.0),27/03/25 23:00:00,Annual,Live births - females,Slovenia,2021,9162,,
ESTAT:EQ_FER05(1.0),27/03/25 23:00:00,Annual,Live births - females,Slovenia,2022,8576,,
ESTAT:EQ_FER05(1.0),27/03/25 23:00:00,Annual,Live births - females,Slovenia,2023,8312,,
ESTAT:EQ_FER05(1.0),27/03/25 23:00:00,Annual,Live births - females,Slovakia,2013,26755,,
ESTAT:EQ_FER05(1.0),27/03/25 23:00:00,Annual,Live births - females,Slovakia,2014,26933,,
ESTAT:EQ_FER05(1.0),27/03/25 23:00:00,Annual,Live births - females,Slovakia,2015,26934,,
ESTAT:EQ_FER05(1.0),27/03/25 23:00:00,Annual,Live births - females,Slovakia,2016,28078,,
ESTAT:EQ_FER05(1.0),27/03/25 23:00:00,Annual,Live births - females,Slovakia,2017,28196,,
ESTAT:EQ_FER05(1.0),27/03/25 23:00:00,Annual,Live births - females,Slovakia,2018,27965,,
ESTAT:EQ_FER05(1.0),27/03/25 23:00:00,Annual,Live births - females,Slovakia,2019,27911,,
ESTAT:EQ_FER05(1.0),27/03/25 23:00:00,Annual,Live births - females,Slovakia,2020,27722,,
ESTAT:EQ_FER05(1.0),27/03/25 23:00:00,Annual,Live births - females,Slovakia,2021,27804,,
ESTAT:EQ_FER05(1.0),27/03/25 23:00:00,Annual,Live births - females,Slovakia,2022,25623,,
ESTAT:EQ_FER05(1.0),27/03/25 23:00:00,Annual,Live births - females,Slovakia,2023,23712,,
ESTAT:EQ_FER05(1.0),27/03/25 23:00:00,Annual,Live births - females,San Marino,2017,107,,
ESTAT:EQ_FER05(1.0),27/03/25 23:00:00,Annual,Live births - females,Türkiye,2013,623322,,
ESTAT:EQ_FER05(1.0),27/03/25 23:00:00,Annual,Live births - females,Türkiye,2014,650249,,
ESTAT:EQ_FER05(1.0),27/03/25 23:00:00,Annual,Live births - females,Türkiye,2015,645485,,
ESTAT:EQ_FER05(1.0),27/03/25 23:00:00,Annual,Live births - females,Türkiye,2016,637263,,
ESTAT:EQ_FER05(1.0),27/03/25 23:00:00,Annual,Live births - females,Türkiye,2017,628127,,
ESTAT:EQ_FER05(1.0),27/03/25 23:00:00,Annual,Live births - females,Türkiye,2018,607791,,
ESTAT:EQ_FER05(1.0),27/03/25 23:00:00,Annual,Live births - females,Türkiye,2019,576791,,
ESTAT:EQ_FER05(1.0),27/03/25 23:00:00,Annual,Live births - females,Türkiye,2020,541967,,
ESTAT:EQ_FER05(1.0),27/03/25 23:00:00,Annual,Live births - females,Türkiye,2022,503849,,
ESTAT:EQ_FER05(1.0),27/03/25 23:00:00,Annual,Live births - females,Türkiye,2023,467047,,
ESTAT:EQ_FER05(1.0),27/03/25 23:00:00,Annual,Live births - females,Ukraine,2013,243919,,
ESTAT:EQ_FER05(1.0),27/03/25 23:00:00,Annual,Live births - females,Ukraine,2014,225839,,
ESTAT:EQ_FER05(1.0),27/03/25 23:00:00,Annual,Live births - females,Ukraine,2015,198935,,
ESTAT:EQ_FER05(1.0),27/03/25 23:00:00,Annual,Live births - females,Ukraine,2016,191843,,
ESTAT:EQ_FER05(1.0),27/03/25 23:00:00,Annual,Live births - females,Ukraine,2017,176459,,
ESTAT:EQ_FER05(1.0),27/03/25 23:00:00,Annual,Live births - females,Ukraine,2018,162457,,
ESTAT:EQ_FER05(1.0),27/03/25 23:00:00,Annual,Live births - females,Ukraine,2019,149025,,
ESTAT:EQ_FER05(1.0),27/03/25 23:00:00,Annual,Live births - females,Ukraine,2020,141889,,
ESTAT:EQ_FER05(1.0),27/03/25 23:00:00,Annual,Live births - females,United Kingdom,2013,379000,,
ESTAT:EQ_FER05(1.0),27/03/25 23:00:00,Annual,Live births - females,United Kingdom,2014,377763,,
ESTAT:EQ_FER05(1.0),27/03/25 23:00:00,Annual,Live births - females,United Kingdom,2015,377986,,
ESTAT:EQ_FER05(1.0),27/03/25 23:00:00,Annual,Live births - females,United Kingdom,2016,376905,,
ESTAT:EQ_FER05(1.0),27/03/25 23:00:00,Annual,Live births - females,United Kingdom,2017,367724,,
ESTAT:EQ_FER05(1.0),27/03/25 23:00:00,Annual,Live births - females,Kosovo*,2013,13826,,
ESTAT:EQ_FER05(1.0),27/03/25 23:00:00,Annual,Live births - females,Kosovo*,2014,12220,,
ESTAT:EQ_FER05(1.0),27/03/25 23:00:00,Annual,Live births - females,Kosovo*,2015,11701,,
ESTAT:EQ_FER05(1.0),27/03/25 23:00:00,Annual,Live births - females,Kosovo*,2016,11137,,
ESTAT:EQ_FER05(1.0),27/03/25 23:00:00,Annual,Live births - females,Kosovo*,2017,12320,,
ESTAT:EQ_FER05(1.0),27/03/25 23:00:00,Annual,Live births - females,Kosovo*,2018,10887,,
ESTAT:EQ_FER05(1.0),27/03/25 23:00:00,Annual,Live births - females,Kosovo*,2019,10346,,
ESTAT:EQ_FER05(1.0),27/03/25 23:00:00,Annual,Live births - females,Kosovo*,2021,10980,,
